"Date","Price","Open","High","Low","Vol.","Change %"
"12/06/2025","4.220","4.210","4.230","4.200","12.62M","1.69%"
"11/06/2025","4.150","4.150","4.180","4.130","15.48M","0.73%"
"10/06/2025","4.120","4.150","4.170","4.110","14.73M","-1.90%"
"09/06/2025","4.200","4.190","4.225","4.180","10.15M","0.00%"
"06/06/2025","4.200","4.210","4.220","4.180","15.37M","0.24%"
"05/06/2025","4.190","4.180","4.210","4.160","20.30M","0.24%"
"04/06/2025","4.180","4.210","4.240","4.170","18.10M","-0.48%"
"03/06/2025","4.200","4.190","4.240","4.170","14.27M","-1.64%"
"02/06/2025","4.270","4.220","4.280","4.191","22.35M","1.43%"
"30/05/2025","4.210","4.220","4.230","4.180","17.04M","0.00%"
"29/05/2025","4.210","4.220","4.220","4.180","17.74M","0.72%"
"28/05/2025","4.180","4.210","4.220","4.150","17.45M","-2.56%"
"27/05/2025","4.290","4.280","4.300","4.270","16.89M","0.47%"
"23/05/2025","4.270","4.190","4.270","4.170","25.73M","0.47%"
"22/05/2025","4.250","4.190","4.280","4.180","31.44M","1.19%"
"21/05/2025","4.200","4.240","4.260","4.180","35.45M","-0.24%"
"20/05/2025","4.210","4.160","4.220","4.160","18.18M","2.68%"
"19/05/2025","4.100","4.020","4.110","4.020","41.20M","2.76%"
"16/05/2025","3.990","3.980","4.010","3.980","23.29M","0.50%"
"15/05/2025","3.970","3.970","4.000","3.950","27.58M","-0.50%"
"14/05/2025","3.990","3.950","4.000","3.950","29.26M","2.05%"
"13/05/2025","3.910","3.870","3.920","3.870","31.61M","2.36%"
"12/05/2025","3.820","3.890","3.910","3.805","48.58M","-1.80%"
"09/05/2025","3.890","3.900","3.910","3.860","43.36M","0.52%"
"08/05/2025","3.870","3.910","3.920","3.860","20.78M","-0.26%"
"07/05/2025","3.880","3.860","3.920","3.860","30.56M","1.04%"
"06/05/2025","3.840","3.830","3.870","3.830","26.51M","1.32%"
"05/05/2025","3.790","3.760","3.830","3.745","21.16M","1.07%"
"02/05/2025","3.750","3.810","3.820","3.745","34.52M","-0.27%"
"01/05/2025","3.760","3.840","3.880","3.760","34.21M","-4.81%"
"30/04/2025","3.950","3.870","3.960","3.870","42.05M","-0.75%"
"29/04/2025","3.980","3.990","4.000","3.950","21.25M","0.51%"
"28/04/2025","3.960","3.950","4.000","3.940","23.72M","0.51%"
"25/04/2025","3.940","3.910","3.950","3.910","14.61M","0.77%"
"24/04/2025","3.910","3.890","3.930","3.890","19.56M","0.00%"
"23/04/2025","3.910","3.920","3.960","3.900","37.58M","1.03%"
"22/04/2025","3.870","3.820","3.880","3.820","27.67M","4.03%"
"21/04/2025","3.720","3.760","3.820","3.690","17.18M","-1.06%"
"17/04/2025","3.760","3.740","3.800","3.740","24.84M","0.00%"
"16/04/2025","3.760","3.760","3.790","3.714","31.90M","-0.27%"
"15/04/2025","3.770","3.740","3.795","3.730","30.99M","2.72%"
"14/04/2025","3.670","3.620","3.700","3.610","37.53M","2.23%"
"11/04/2025","3.590","3.530","3.620","3.500","44.92M","0.28%"
"10/04/2025","3.580","3.600","3.620","3.495","51.99M","-0.83%"
"09/04/2025","3.610","3.340","3.640","3.290","49.33M","8.73%"
"08/04/2025","3.320","3.470","3.490","3.270","40.86M","-0.60%"
"07/04/2025","3.340","3.350","3.530","3.280","63.40M","-1.47%"
"04/04/2025","3.390","3.460","3.470","3.360","36.52M","-7.63%"
"03/04/2025","3.670","3.740","3.770","3.650","40.23M","-4.43%"
"02/04/2025","3.840","3.785","3.840","3.780","21.76M","0.79%"
"01/04/2025","3.810","3.810","3.840","3.760","35.29M","-0.26%"
"31/03/2025","3.820","3.790","3.830","3.770","23.95M","-0.52%"
"28/03/2025","3.840","3.880","3.900","3.820","23.65M","-1.03%"
"27/03/2025","3.880","3.840","3.900","3.830","32.66M","1.04%"
"26/03/2025","3.840","3.860","3.890","3.810","25.90M","-0.26%"
"25/03/2025","3.850","3.840","3.870","3.820","19.37M","1.05%"
"24/03/2025","3.810","3.780","3.820","3.780","16.02M","1.87%"
"21/03/2025","3.740","3.690","3.760","3.690","24.33M","-0.80%"
"20/03/2025","3.770","3.730","3.810","3.720","51.74M","0.53%"
"19/03/2025","3.750","3.700","3.770","3.700","26.60M","1.63%"
"18/03/2025","3.690","3.700","3.720","3.685","22.16M","-0.54%"
"17/03/2025","3.710","3.690","3.720","3.670","16.08M","1.09%"
"14/03/2025","3.670","3.650","3.690","3.640","14.82M","2.51%"
"13/03/2025","3.580","3.630","3.645","3.570","21.49M","-1.38%"
"12/03/2025","3.630","3.600","3.645","3.545","33.91M","2.54%"
"11/03/2025","3.540","3.580","3.580","3.500","54.45M","-3.01%"
"10/03/2025","3.650","3.670","3.680","3.560","39.12M","-3.95%"
"07/03/2025","3.800","3.800","3.820","3.720","34.05M","0.26%"
"06/03/2025","3.790","3.840","3.878","3.770","35.22M","-2.82%"
"05/03/2025","3.900","3.850","3.910","3.830","44.22M","2.09%"
"04/03/2025","3.820","3.710","3.900","3.670","75.67M","3.80%"
"03/03/2025","3.680","3.750","3.810","3.630","45.97M","-1.87%"
"28/02/2025","3.750","3.690","3.780","3.660","223.94M","1.63%"
"27/02/2025","3.690","3.660","3.700","3.630","72.91M","0.82%"
"26/02/2025","3.660","3.590","3.700","3.580","90.94M","3.10%"
"25/02/2025","3.550","3.490","3.560","3.450","71.17M","4.41%"
"24/02/2025","3.400","3.400","3.420","3.350","21.60M","0.89%"
"21/02/2025","3.370","3.370","3.400","3.350","16.67M","1.20%"
"20/02/2025","3.330","3.350","3.380","3.310","23.47M","6.05%"
"19/02/2025","3.140","3.145","3.160","3.130","10.61M","-1.57%"
"18/02/2025","3.190","3.180","3.195","3.160","8.13M","-0.93%"
"14/02/2025","3.220","3.210","3.240","3.200","9.79M","0.62%"
"13/02/2025","3.200","3.160","3.220","3.160","10.87M","0.63%"
"12/02/2025","3.180","3.150","3.210","3.140","14.90M","1.60%"
"11/02/2025","3.130","3.090","3.140","3.090","7.40M","0.97%"
"10/02/2025","3.100","3.110","3.120","3.085","8.95M","0.32%"
"07/02/2025","3.090","3.130","3.130","3.070","11.20M","-0.96%"
"06/02/2025","3.120","3.110","3.140","3.100","14.14M","0.32%"
"05/02/2025","3.110","3.070","3.120","3.060","11.53M","1.97%"
"04/02/2025","3.050","3.020","3.070","3.020","13.64M","1.33%"
"03/02/2025","3.010","2.990","3.040","2.970","17.49M","-1.31%"
"31/01/2025","3.050","3.070","3.090","3.040","13.34M","-1.29%"
"30/01/2025","3.090","3.100","3.130","3.070","15.93M","0.98%"
"29/01/2025","3.060","3.080","3.110","3.030","21.86M","-0.33%"
"28/01/2025","3.070","3.040","3.070","3.030","15.80M","0.66%"
"27/01/2025","3.050","3.050","3.070","3.040","15.80M","0.00%"
"24/01/2025","3.050","3.060","3.080","3.040","12.65M","-0.97%"
"23/01/2025","3.080","3.040","3.095","3.030","20.68M","2.33%"
"22/01/2025","3.010","3.020","3.040","2.990","20.09M","-0.33%"
"21/01/2025","3.020","2.990","3.030","2.970","18.08M","5.96%"
"17/01/2025","2.850","2.840","2.890","2.840","23.81M","0.71%"
"16/01/2025","2.830","2.780","2.830","2.770","20.77M","0.35%"
"15/01/2025","2.820","2.780","2.840","2.770","19.87M","6.42%"
"14/01/2025","2.650","2.610","2.670","2.600","16.83M","1.92%"
"13/01/2025","2.600","2.580","2.620","2.580","19.00M","0.78%"
"10/01/2025","2.580","2.590","2.600","2.560","20.55M","-2.64%"
"08/01/2025","2.650","2.620","2.650","2.590","12.36M","-3.64%"
"07/01/2025","2.750","2.760","2.770","2.730","13.02M","-0.36%"
"06/01/2025","2.760","2.750","2.790","2.740","15.12M","2.60%"
"03/01/2025","2.690","2.690","2.700","2.660","14.94M","-0.37%"
"02/01/2025","2.700","2.700","2.720","2.680","10.22M","-0.74%"
"31/12/2024","2.720","2.720","2.750","2.710","8.47M","0.00%"
"30/12/2024","2.720","2.710","2.740","2.700","11.20M","0.74%"
"27/12/2024","2.700","2.710","2.730","2.690","7.79M","-1.82%"
"26/12/2024","2.750","2.720","2.760","2.720","4.66M","1.10%"
"24/12/2024","2.720","2.700","2.740","2.700","3.69M","0.37%"
"23/12/2024","2.710","2.680","2.730","2.665","18.20M","0.74%"
"20/12/2024","2.690","2.660","2.720","2.660","14.09M","0.37%"
"19/12/2024","2.680","2.700","2.720","2.670","9.61M","0.00%"
"18/12/2024","2.680","2.760","2.780","2.664","14.62M","-1.83%"
"17/12/2024","2.730","2.760","2.770","2.720","10.36M","-1.44%"
"16/12/2024","2.770","2.790","2.810","2.770","9.19M","-0.72%"
"13/12/2024","2.790","2.800","2.810","2.770","6.45M","0.72%"
"12/12/2024","2.770","2.780","2.830","2.750","15.81M","-0.72%"
"11/12/2024","2.790","2.790","2.800","2.745","14.40M","3.72%"
"10/12/2024","2.690","2.700","2.710","2.680","7.06M","-0.37%"
"09/12/2024","2.700","2.720","2.740","2.690","9.10M","0.00%"
"06/12/2024","2.700","2.730","2.730","2.690","5.92M","-1.10%"
"05/12/2024","2.730","2.720","2.740","2.710","8.79M","1.87%"
"04/12/2024","2.680","2.700","2.710","2.670","8.87M","-0.37%"
"03/12/2024","2.690","2.680","2.700","2.670","10.11M","0.37%"
"02/12/2024","2.680","2.680","2.700","2.650","20.27M","-0.74%"
"29/11/2024","2.700","2.690","2.710","2.680","4.12M","0.75%"
"27/11/2024","2.680","2.670","2.700","2.670","9.32M","0.37%"
"26/11/2024","2.670","2.710","2.710","2.660","8.39M","-2.91%"
"25/11/2024","2.750","2.730","2.770","2.730","9.64M","0.73%"
"22/11/2024","2.730","2.700","2.730","2.690","6.57M","-1.44%"
"21/11/2024","2.770","2.770","2.790","2.750","6.47M","-1.07%"
"20/11/2024","2.800","2.790","2.810","2.780","8.82M","0.36%"
"19/11/2024","2.790","2.770","2.810","2.760","10.82M","-1.41%"
"18/11/2024","2.830","2.800","2.850","2.790","9.56M","0.00%"
"15/11/2024","2.830","2.810","2.840","2.810","6.93M","2.54%"
"14/11/2024","2.760","2.760","2.790","2.750","10.25M","0.36%"
"13/11/2024","2.750","2.770","2.780","2.740","12.74M","0.36%"
"12/11/2024","2.740","2.770","2.780","2.710","9.18M","-2.14%"
"11/11/2024","2.800","2.780","2.810","2.780","5.71M","2.56%"
"08/11/2024","2.730","2.750","2.760","2.710","9.64M","-2.85%"
"07/11/2024","2.810","2.830","2.850","2.800","8.77M","0.00%"
"06/11/2024","2.810","2.810","2.830","2.780","9.19M","-1.40%"
"05/11/2024","2.850","2.840","2.860","2.820","10.20M","0.71%"
"04/11/2024","2.830","2.870","2.880","2.800","13.41M","1.43%"
"01/11/2024","2.790","2.810","2.850","2.790","9.84M","1.45%"
"31/10/2024","2.750","2.790","2.800","2.720","13.17M","-0.72%"
"30/10/2024","2.770","2.820","2.850","2.760","15.76M","-1.42%"
"29/10/2024","2.810","2.850","2.860","2.800","14.94M","-3.10%"
"28/10/2024","2.900","2.880","2.940","2.870","14.23M","-1.69%"
"25/10/2024","2.950","3.080","3.080","2.940","15.71M","-8.67%"
"24/10/2024","3.230","3.210","3.240","3.180","10.38M","2.22%"
"23/10/2024","3.160","3.170","3.190","3.124","12.70M","-1.56%"
"22/10/2024","3.210","3.190","3.220","3.180","8.16M","0.94%"
"21/10/2024","3.180","3.210","3.216","3.170","4.90M","-1.24%"
"18/10/2024","3.220","3.200","3.220","3.180","4.12M","0.62%"
"17/10/2024","3.200","3.190","3.200","3.170","4.76M","1.27%"
"16/10/2024","3.160","3.140","3.180","3.140","9.28M","1.94%"
"15/10/2024","3.100","3.110","3.130","3.090","11.72M","-0.32%"
"14/10/2024","3.110","3.080","3.110","3.073","4.34M","0.00%"
"11/10/2024","3.110","3.080","3.120","3.075","6.20M","0.97%"
"10/10/2024","3.080","3.080","3.090","3.060","9.39M","0.65%"
"09/10/2024","3.060","3.040","3.090","3.034","9.89M","0.66%"
"08/10/2024","3.040","3.040","3.050","3.010","7.51M","-0.98%"
"07/10/2024","3.070","3.080","3.080","3.040","7.64M","-0.65%"
"04/10/2024","3.090","3.030","3.090","3.030","10.37M","3.34%"
"03/10/2024","2.990","3.000","3.010","2.960","14.17M","-0.99%"
"02/10/2024","3.020","3.040","3.060","3.020","10.12M","-1.31%"
"01/10/2024","3.060","3.120","3.126","3.030","30.20M","-1.92%"
"30/09/2024","3.120","3.160","3.160","3.090","18.26M","-0.64%"
"27/09/2024","3.140","3.170","3.180","3.130","8.92M","-0.95%"
"26/09/2024","3.170","3.140","3.180","3.130","8.68M","2.26%"
"25/09/2024","3.100","3.140","3.147","3.075","9.55M","-1.59%"
"24/09/2024","3.150","3.150","3.170","3.130","9.90M","1.94%"
"23/09/2024","3.090","3.100","3.110","3.075","14.88M","-0.64%"
"20/09/2024","3.110","3.080","3.110","3.060","12.12M","0.32%"
"19/09/2024","3.100","3.090","3.120","3.070","8.25M","0.98%"
"18/09/2024","3.070","3.060","3.115","3.034","11.00M","0.66%"
"17/09/2024","3.050","3.080","3.090","3.040","8.37M","-0.97%"
"16/09/2024","3.080","3.050","3.080","3.040","7.13M","0.98%"
"13/09/2024","3.050","3.040","3.050","3.030","8.01M","0.66%"
"12/09/2024","3.030","3.010","3.060","2.980","20.88M","-0.33%"
"11/09/2024","3.040","2.960","3.040","2.920","22.05M","3.05%"
"10/09/2024","2.950","2.970","2.975","2.900","15.09M","-1.67%"
"09/09/2024","3.000","2.970","3.010","2.960","9.08M","2.39%"
"06/09/2024","2.930","2.990","3.010","2.930","13.87M","-3.30%"
"05/09/2024","3.030","3.040","3.050","3.000","9.01M","2.02%"
"04/09/2024","2.970","2.980","3.010","2.960","13.46M","0.34%"
"03/09/2024","2.960","2.990","3.000","2.950","12.18M","-3.27%"
"30/08/2024","3.060","3.050","3.070","3.034","7.07M","0.00%"
"29/08/2024","3.060","3.060","3.070","3.030","7.63M","0.99%"
"28/08/2024","3.030","3.040","3.070","3.020","6.59M","-3.50%"
"27/08/2024","3.140","3.110","3.140","3.100","6.78M","0.96%"
"26/08/2024","3.110","3.100","3.140","3.100","3.11M","-0.64%"
"23/08/2024","3.130","3.060","3.130","3.060","11.34M","2.96%"
"22/08/2024","3.040","3.010","3.050","3.010","16.81M","0.33%"
"21/08/2024","3.030","3.010","3.040","2.990","7.51M","1.68%"
"20/08/2024","2.980","3.000","3.020","2.980","8.17M","-2.30%"
"19/08/2024","3.050","3.020","3.060","3.010","4.48M","0.99%"
"16/08/2024","3.020","2.980","3.020","2.980","3.54M","1.68%"
"15/08/2024","2.970","2.960","2.970","2.930","3.83M","2.06%"
"14/08/2024","2.910","2.910","2.920","2.900","5.22M","-0.34%"
"13/08/2024","2.920","2.860","2.930","2.860","9.45M","2.10%"
"12/08/2024","2.860","2.860","2.880","2.840","7.79M","-0.35%"
"09/08/2024","2.870","2.850","2.880","2.835","7.08M","-0.69%"
"08/08/2024","2.890","2.850","2.890","2.830","7.37M","2.85%"
"07/08/2024","2.810","2.850","2.870","2.800","11.57M","0.72%"
"06/08/2024","2.790","2.750","2.800","2.740","14.55M","2.20%"
"05/08/2024","2.730","2.710","2.770","2.670","19.92M","-4.21%"
"02/08/2024","2.850","2.870","2.880","2.830","14.26M","-1.04%"
"01/08/2024","2.880","2.980","2.990","2.850","11.54M","-4.95%"
"31/07/2024","3.030","3.010","3.060","3.000","11.48M","0.66%"
"30/07/2024","3.010","3.050","3.060","3.010","15.13M","-2.90%"
"29/07/2024","3.100","3.120","3.130","3.070","13.83M","0.32%"
"26/07/2024","3.090","3.040","3.110","3.030","11.21M","0.98%"
"25/07/2024","3.060","3.050","3.100","3.040","13.29M","1.66%"
"24/07/2024","3.010","3.050","3.060","2.990","14.47M","-0.66%"
"23/07/2024","3.030","3.000","3.040","3.000","8.45M","0.66%"
"22/07/2024","3.010","3.020","3.040","3.000","4.88M","-0.66%"
"19/07/2024","3.030","3.020","3.050","3.000","8.69M","0.33%"
"18/07/2024","3.020","3.050","3.060","3.000","10.78M","-0.33%"
"17/07/2024","3.030","3.030","3.050","3.020","12.39M","-0.33%"
"16/07/2024","3.040","2.990","3.040","2.980","6.61M","1.00%"
"15/07/2024","3.010","3.010","3.050","3.000","20.52M","-0.33%"
"12/07/2024","3.020","3.030","3.040","3.010","5.55M","-0.33%"
"11/07/2024","3.030","3.000","3.030","2.990","4.99M","2.36%"
"10/07/2024","2.960","2.940","2.960","2.940","7.49M","0.68%"
"09/07/2024","2.940","2.930","2.940","2.910","9.28M","-1.67%"
"08/07/2024","2.990","2.990","3.020","2.970","7.83M","1.36%"
"05/07/2024","2.950","2.960","2.970","2.930","7.49M","4.24%"
"03/07/2024","2.830","2.810","2.830","2.800","8.16M","1.80%"
"02/07/2024","2.780","2.760","2.780","2.740","7.63M","-0.36%"
"01/07/2024","2.790","2.810","2.820","2.770","14.41M","2.20%"
"28/06/2024","2.730","2.740","2.760","2.710","9.59M","-3.19%"
"27/06/2024","2.820","2.800","2.830","2.800","17.18M","1.44%"
"26/06/2024","2.780","2.770","2.790","2.770","7.23M","0.36%"
"25/06/2024","2.770","2.790","2.800","2.760","6.31M","-0.72%"
"24/06/2024","2.790","2.800","2.820","2.780","6.01M","0.72%"
"21/06/2024","2.770","2.770","2.790","2.750","6.52M","-1.42%"
"20/06/2024","2.810","2.770","2.820","2.770","8.28M","1.81%"
"18/06/2024","2.760","2.750","2.780","2.750","7.50M","0.36%"
"17/06/2024","2.750","2.710","2.760","2.710","5.79M","1.48%"
"14/06/2024","2.710","2.700","2.730","2.690","10.93M","0.00%"
"13/06/2024","2.710","2.740","2.750","2.700","9.39M","-1.81%"
"12/06/2024","2.760","2.770","2.800","2.750","12.98M","2.60%"
"11/06/2024","2.690","2.710","2.710","2.680","7.12M","-1.82%"
"10/06/2024","2.740","2.730","2.750","2.710","9.67M","-0.36%"
"07/06/2024","2.750","2.780","2.790","2.740","9.13M","-2.83%"
"06/06/2024","2.830","2.810","2.840","2.800","14.19M","1.43%"
"05/06/2024","2.790","2.800","2.800","2.760","10.08M","-1.41%"
"04/06/2024","2.830","2.820","2.840","2.810","18.32M","0.35%"
"03/06/2024","2.820","2.800","2.830","2.770","10.33M","0.00%"
"31/05/2024","2.820","2.800","2.820","2.770","8.44M","0.71%"
"30/05/2024","2.800","2.790","2.800","2.770","5.31M","1.82%"
"29/05/2024","2.750","2.770","2.770","2.730","6.55M","-1.79%"
"28/05/2024","2.800","2.810","2.830","2.780","7.67M","1.82%"
"24/05/2024","2.750","2.740","2.760","2.720","10.21M","-0.72%"
"23/05/2024","2.770","2.830","2.830","2.770","9.55M","-2.46%"
"22/05/2024","2.840","2.860","2.870","2.820","8.56M","0.35%"
"21/05/2024","2.830","2.820","2.840","2.810","7.42M","0.00%"
"20/05/2024","2.830","2.820","2.840","2.810","8.27M","0.35%"
"17/05/2024","2.820","2.770","2.830","2.770","8.93M","2.92%"
"16/05/2024","2.740","2.740","2.760","2.740","6.97M","0.00%"
"15/05/2024","2.740","2.740","2.750","2.720","8.48M","0.00%"
"14/05/2024","2.740","2.710","2.750","2.700","8.32M","2.24%"
"13/05/2024","2.680","2.700","2.710","2.680","5.09M","-0.74%"
"10/05/2024","2.700","2.690","2.700","2.670","4.31M","-0.37%"
"09/05/2024","2.710","2.670","2.720","2.660","11.30M","1.50%"
"08/05/2024","2.670","2.650","2.680","2.650","2.91M","0.75%"
"07/05/2024","2.650","2.660","2.690","2.650","11.07M","0.76%"
"06/05/2024","2.630","2.590","2.630","2.580","5.15M","1.15%"
"03/05/2024","2.600","2.610","2.620","2.580","9.06M","0.78%"
"02/05/2024","2.580","2.590","2.610","2.560","12.15M","0.39%"
"01/05/2024","2.570","2.560","2.610","2.560","14.22M","0.39%"
"30/04/2024","2.560","2.580","2.600","2.550","5.94M","0.00%"
"29/04/2024","2.560","2.590","2.590","2.560","7.07M","-1.92%"
"26/04/2024","2.610","2.570","2.620","2.570","10.34M","3.57%"
"25/04/2024","2.520","2.520","2.550","2.510","11.79M","-0.79%"
"24/04/2024","2.540","2.580","2.587","2.530","10.63M","-0.78%"
"23/04/2024","2.560","2.510","2.560","2.500","10.93M","1.19%"
"22/04/2024","2.530","2.520","2.540","2.500","9.18M","0.40%"
"19/04/2024","2.520","2.500","2.520","2.490","8.35M","0.40%"
"18/04/2024","2.510","2.500","2.530","2.490","8.95M","0.80%"
"17/04/2024","2.490","2.490","2.510","2.470","19.56M","1.63%"
"16/04/2024","2.450","2.450","2.450","2.420","13.88M","-0.81%"
"15/04/2024","2.470","2.530","2.550","2.460","17.08M","0.00%"
"12/04/2024","2.470","2.520","2.540","2.470","8.51M","-1.59%"
"11/04/2024","2.510","2.530","2.540","2.490","7.87M","-4.56%"
"10/04/2024","2.630","2.630","2.660","2.610","13.32M","-0.75%"
"09/04/2024","2.650","2.700","2.700","2.640","5.37M","-1.85%"
"08/04/2024","2.700","2.690","2.710","2.670","6.76M","1.89%"
"05/04/2024","2.650","2.650","2.670","2.630","5.60M","-0.38%"
"04/04/2024","2.660","2.700","2.720","2.660","9.06M","1.92%"
"03/04/2024","2.610","2.590","2.620","2.590","7.96M","1.16%"
"02/04/2024","2.580","2.570","2.600","2.570","5.23M","0.39%"
"01/04/2024","2.570","2.570","2.590","2.545","4.84M","-0.77%"
"28/03/2024","2.590","2.600","2.620","2.580","9.40M","-1.52%"
"27/03/2024","2.630","2.590","2.630","2.580","13.77M","1.94%"
"26/03/2024","2.580","2.600","2.620","2.570","11.89M","0.00%"
"25/03/2024","2.580","2.590","2.620","2.580","15.91M","-0.77%"
"22/03/2024","2.600","2.620","2.630","2.590","7.72M","0.00%"
"21/03/2024","2.600","2.590","2.620","2.580","18.84M","1.96%"
"20/03/2024","2.550","2.500","2.570","2.490","12.67M","2.00%"
"19/03/2024","2.500","2.490","2.510","2.480","6.29M","0.00%"
"18/03/2024","2.500","2.490","2.500","2.470","5.59M","0.40%"
"15/03/2024","2.490","2.490","2.520","2.490","6.91M","0.81%"
"14/03/2024","2.470","2.500","2.510","2.460","8.73M","-1.20%"
"13/03/2024","2.500","2.490","2.510","2.485","7.37M","-0.40%"
"12/03/2024","2.510","2.510","2.528","2.500","10.92M","0.40%"
"11/03/2024","2.500","2.470","2.500","2.470","9.19M","1.21%"
"08/03/2024","2.470","2.480","2.500","2.460","12.81M","0.41%"
"07/03/2024","2.460","2.450","2.470","2.440","12.63M","0.41%"
"06/03/2024","2.450","2.433","2.460","2.420","13.43M","2.08%"
"05/03/2024","2.400","2.380","2.420","2.375","8.98M","1.69%"
"04/03/2024","2.360","2.350","2.380","2.350","6.81M","0.43%"
"01/03/2024","2.350","2.350","2.370","2.330","7.84M","0.43%"
"29/02/2024","2.340","2.340","2.360","2.300","7.14M","1.30%"
"28/02/2024","2.310","2.310","2.330","2.300","7.98M","0.00%"
"27/02/2024","2.310","2.290","2.320","2.290","5.56M","2.67%"
"26/02/2024","2.250","2.290","2.310","2.250","14.58M","-0.44%"
"23/02/2024","2.260","2.270","2.290","2.250","8.26M","-0.88%"
"22/02/2024","2.280","2.270","2.290","2.260","10.73M","7.04%"
"21/02/2024","2.130","2.150","2.155","2.130","7.12M","-1.84%"
"20/02/2024","2.170","2.130","2.180","2.130","8.14M","1.40%"
"16/02/2024","2.140","2.120","2.150","2.110","8.73M","3.38%"
"15/02/2024","2.070","2.040","2.070","2.035","6.55M","0.98%"
"14/02/2024","2.050","2.040","2.060","2.030","8.48M","1.49%"
"13/02/2024","2.020","2.040","2.050","2.000","11.72M","-1.46%"
"12/02/2024","2.050","2.060","2.080","2.050","5.47M","-0.49%"
"09/02/2024","2.060","2.060","2.070","2.040","7.42M","0.49%"
"08/02/2024","2.050","2.070","2.080","2.040","9.59M","-0.97%"
"07/02/2024","2.070","2.070","2.090","2.040","8.33M","-0.48%"
"06/02/2024","2.080","2.060","2.090","2.060","6.70M","0.00%"
"05/02/2024","2.080","2.080","2.090","2.060","7.06M","-1.42%"
"02/02/2024","2.110","2.120","2.130","2.090","6.44M","-1.86%"
"01/02/2024","2.150","2.150","2.160","2.110","10.30M","1.90%"
"31/01/2024","2.110","2.140","2.150","2.100","8.73M","0.00%"
"30/01/2024","2.110","2.150","2.160","2.110","21.45M","-1.40%"
"29/01/2024","2.140","2.120","2.140","2.110","4.77M","0.94%"
"26/01/2024","2.120","2.140","2.150","2.120","5.10M","0.00%"
"25/01/2024","2.120","2.100","2.120","2.080","8.34M","0.47%"
"24/01/2024","2.110","2.150","2.160","2.100","9.52M","-2.31%"
"23/01/2024","2.160","2.180","2.190","2.150","5.75M","-1.37%"
"22/01/2024","2.190","2.180","2.210","2.180","6.34M","0.00%"
"19/01/2024","2.190","2.140","2.190","2.130","9.30M","2.34%"
"18/01/2024","2.140","2.140","2.150","2.120","9.95M","2.39%"
"17/01/2024","2.090","2.130","2.130","2.090","11.61M","-2.79%"
"16/01/2024","2.150","2.180","2.180","2.150","11.82M","-5.70%"
"12/01/2024","2.280","2.320","2.330","2.270","7.71M","-0.44%"
"11/01/2024","2.290","2.340","2.340","2.280","8.89M","-3.38%"
"10/01/2024","2.370","2.380","2.380","2.370","2.80M","-0.42%"
"09/01/2024","2.380","2.410","2.410","2.380","6.27M","-2.46%"
"08/01/2024","2.440","2.390","2.440","2.380","8.84M","2.52%"
"05/01/2024","2.380","2.370","2.410","2.364","9.72M","0.42%"
"04/01/2024","2.370","2.360","2.400","2.360","7.43M","-0.42%"
"03/01/2024","2.380","2.360","2.390","2.360","7.23M","-0.42%"
"02/01/2024","2.390","2.400","2.420","2.390","7.81M","0.00%"
"29/12/2023","2.390","2.400","2.410","2.380","3.60M","-0.83%"
"28/12/2023","2.410","2.410","2.430","2.410","2.44M","-0.82%"
"27/12/2023","2.430","2.430","2.440","2.420","7.99M","-0.82%"
"26/12/2023","2.450","2.400","2.450","2.394","5.08M","1.66%"
"22/12/2023","2.410","2.400","2.440","2.400","4.84M","1.26%"
"21/12/2023","2.380","2.350","2.380","2.340","8.88M","1.28%"
"20/12/2023","2.350","2.380","2.400","2.340","8.90M","0.43%"
"19/12/2023","2.340","2.370","2.370","2.340","7.33M","0.00%"
"18/12/2023","2.340","2.350","2.360","2.330","6.12M","-0.43%"
"15/12/2023","2.350","2.370","2.410","2.350","9.35M","-2.08%"
"14/12/2023","2.400","2.410","2.430","2.380","8.93M","3.00%"
"13/12/2023","2.330","2.290","2.340","2.270","5.87M","2.64%"
"12/12/2023","2.270","2.280","2.290","2.270","3.46M","-0.87%"
"11/12/2023","2.290","2.280","2.290","2.270","3.75M","-0.87%"
"08/12/2023","2.310","2.290","2.320","2.280","8.13M","1.32%"
"07/12/2023","2.280","2.250","2.280","2.250","6.65M","0.88%"
"06/12/2023","2.260","2.270","2.300","2.250","7.24M","0.89%"
"05/12/2023","2.240","2.250","2.260","2.230","7.15M","-0.44%"
"04/12/2023","2.250","2.240","2.270","2.235","11.29M","0.00%"
"01/12/2023","2.250","2.190","2.250","2.190","6.91M","2.74%"
"30/11/2023","2.190","2.190","2.190","2.170","6.97M","-0.45%"
"29/11/2023","2.200","2.170","2.200","2.170","10.62M","2.80%"
"28/11/2023","2.140","2.110","2.150","2.100","11.96M","2.39%"
"27/11/2023","2.090","2.110","2.110","2.090","9.96M","-1.88%"
"24/11/2023","2.130","2.110","2.140","2.100","3.46M","1.91%"
"22/11/2023","2.090","2.100","2.100","2.080","5.81M","-1.42%"
"21/11/2023","2.120","2.110","2.120","2.100","6.60M","-0.93%"
"20/11/2023","2.140","2.120","2.140","2.110","5.90M","0.00%"
"17/11/2023","2.140","2.120","2.140","2.110","8.80M","2.39%"
"16/11/2023","2.090","2.100","2.110","2.080","7.37M","-0.95%"
"15/11/2023","2.110","2.110","2.120","2.100","4.82M","0.48%"
"14/11/2023","2.100","2.040","2.110","2.040","13.91M","3.45%"
"13/11/2023","2.030","2.030","2.040","2.010","4.71M","0.00%"
"10/11/2023","2.030","2.010","2.030","1.990","8.26M","0.00%"
"09/11/2023","2.030","2.050","2.060","2.020","7.59M","0.50%"
"08/11/2023","2.020","2.030","2.060","2.010","6.57M","-0.49%"
"07/11/2023","2.030","2.030","2.045","2.020","5.92M","-0.98%"
"06/11/2023","2.050","2.070","2.080","2.040","4.46M","-0.49%"
"03/11/2023","2.060","2.060","2.080","2.050","6.12M","2.49%"
"02/11/2023","2.010","1.990","2.020","1.980","9.45M","4.15%"
"01/11/2023","1.930","1.920","1.940","1.900","11.70M","1.05%"
"31/10/2023","1.910","1.910","1.920","1.900","7.89M","-1.55%"
"30/10/2023","1.940","1.940","1.940","1.910","12.04M","2.65%"
"27/10/2023","1.890","1.920","1.930","1.880","12.75M","-3.57%"
"26/10/2023","1.960","1.970","1.990","1.950","15.20M","-2.00%"
"25/10/2023","2.000","1.980","2.000","1.960","9.90M","3.09%"
"24/10/2023","1.940","1.950","1.960","1.930","12.59M","-1.52%"
"23/10/2023","1.970","1.980","2.010","1.970","14.24M","-0.51%"
"20/10/2023","1.980","2.000","2.010","1.970","14.09M","-1.00%"
"19/10/2023","2.000","2.020","2.040","1.990","12.32M","-1.96%"
"18/10/2023","2.040","2.070","2.080","2.040","9.88M","-3.77%"
"17/10/2023","2.120","2.090","2.130","2.080","11.27M","0.47%"
"16/10/2023","2.110","2.080","2.130","2.070","14.10M","2.93%"
"13/10/2023","2.050","2.080","2.090","2.050","5.84M","-1.91%"
"12/10/2023","2.090","2.100","2.105","2.070","10.39M","-0.95%"
"11/10/2023","2.110","2.110","2.120","2.090","11.74M","0.48%"
"10/10/2023","2.100","2.100","2.110","2.080","7.07M","2.94%"
"09/10/2023","2.040","2.020","2.050","2.020","5.89M","-1.45%"
"06/10/2023","2.070","2.020","2.080","2.010","9.18M","1.97%"
"05/10/2023","2.030","2.000","2.030","2.000","9.65M","0.00%"
"04/10/2023","2.030","2.030","2.040","2.000","11.27M","0.00%"
"03/10/2023","2.030","2.050","2.053","2.010","14.56M","-1.46%"
"02/10/2023","2.060","2.110","2.110","2.050","12.75M","-3.29%"
"29/09/2023","2.130","2.150","2.160","2.120","8.50M","-0.47%"
"28/09/2023","2.140","2.120","2.150","2.110","9.48M","0.47%"
"27/09/2023","2.130","2.140","2.140","2.100","12.32M","-0.47%"
"26/09/2023","2.140","2.140","2.155","2.120","10.28M","-0.47%"
"25/09/2023","2.150","2.140","2.160","2.130","7.78M","-0.92%"
"22/09/2023","2.170","2.200","2.210","2.160","11.95M","1.88%"
"21/09/2023","2.130","2.150","2.160","2.130","8.42M","-0.47%"
"20/09/2023","2.140","2.160","2.180","2.130","8.73M","2.88%"
"19/09/2023","2.080","2.070","2.090","2.070","6.74M","1.46%"
"18/09/2023","2.050","2.090","2.090","2.050","8.57M","-2.84%"
"15/09/2023","2.110","2.100","2.130","2.100","10.66M","0.00%"
"14/09/2023","2.110","2.100","2.130","2.100","3.77M","0.96%"
"13/09/2023","2.090","2.090","2.100","2.080","10.94M","0.00%"
"12/09/2023","2.090","2.060","2.100","2.060","6.76M","2.96%"
"11/09/2023","2.030","2.040","2.050","2.030","8.12M","0.50%"
"08/09/2023","2.020","2.010","2.040","2.000","9.69M","1.00%"
"07/09/2023","2.000","2.020","2.040","2.000","11.51M","-1.48%"
"06/09/2023","2.030","2.040","2.060","2.020","14.47M","-0.98%"
"05/09/2023","2.050","2.080","2.090","2.035","13.25M","-1.91%"
"01/09/2023","2.090","2.110","2.120","2.080","9.14M","-0.48%"
"31/08/2023","2.100","2.140","2.140","2.090","10.29M","-1.87%"
"30/08/2023","2.140","2.150","2.180","2.140","8.98M","0.00%"
"29/08/2023","2.140","2.120","2.150","2.110","5.72M","0.94%"
"28/08/2023","2.120","2.100","2.140","2.095","5.16M","1.92%"
"25/08/2023","2.080","2.100","2.100","2.060","9.70M","0.00%"
"24/08/2023","2.080","2.110","2.120","2.080","7.20M","-1.89%"
"23/08/2023","2.120","2.080","2.120","2.076","7.71M","1.44%"
"22/08/2023","2.090","2.110","2.120","2.090","23.19M","-0.95%"
"21/08/2023","2.110","2.120","2.130","2.100","11.32M","0.00%"
"18/08/2023","2.110","2.100","2.130","2.100","11.61M","0.00%"
"17/08/2023","2.110","2.130","2.140","2.100","9.93M","0.48%"
"16/08/2023","2.100","2.110","2.130","2.090","7.47M","-0.47%"
"15/08/2023","2.110","2.140","2.150","2.110","9.40M","-1.40%"
"14/08/2023","2.140","2.130","2.150","2.120","6.86M","-0.47%"
"11/08/2023","2.150","2.150","2.170","2.140","6.37M","0.47%"
"10/08/2023","2.140","2.170","2.190","2.130","9.77M","-0.47%"
"09/08/2023","2.150","2.160","2.160","2.130","9.43M","-0.46%"
"08/08/2023","2.160","2.140","2.160","2.120","25.55M","-0.92%"
"07/08/2023","2.180","2.180","2.190","2.160","4.18M","1.40%"
"04/08/2023","2.150","2.170","2.190","2.140","10.04M","-2.27%"
"03/08/2023","2.200","2.180","2.210","2.170","9.24M","1.38%"
"02/08/2023","2.170","2.200","2.200","2.160","8.44M","-2.69%"
"01/08/2023","2.230","2.250","2.250","2.230","7.11M","-2.62%"
"31/07/2023","2.290","2.290","2.310","2.290","7.62M","0.00%"
"28/07/2023","2.290","2.300","2.310","2.280","8.58M","0.88%"
"27/07/2023","2.270","2.310","2.310","2.260","6.64M","-2.16%"
"26/07/2023","2.320","2.320","2.340","2.300","8.94M","-1.28%"
"25/07/2023","2.350","2.330","2.350","2.330","6.75M","0.86%"
"24/07/2023","2.330","2.320","2.350","2.310","5.49M","0.43%"
"21/07/2023","2.320","2.350","2.350","2.320","6.94M","-2.52%"
"20/07/2023","2.380","2.350","2.380","2.340","11.75M","-0.42%"
"19/07/2023","2.390","2.380","2.400","2.370","9.96M","2.14%"
"18/07/2023","2.340","2.330","2.370","2.330","12.64M","0.43%"
"17/07/2023","2.330","2.310","2.330","2.301","7.86M","2.19%"
"14/07/2023","2.280","2.320","2.320","2.280","15.11M","-2.15%"
"13/07/2023","2.330","2.300","2.340","2.300","7.44M","2.19%"
"12/07/2023","2.280","2.280","2.300","2.270","8.46M","3.17%"
"11/07/2023","2.210","2.210","2.220","2.194","5.90M","1.38%"
"10/07/2023","2.180","2.180","2.200","2.160","18.21M","0.00%"
"07/07/2023","2.180","2.160","2.200","2.150","9.91M","-0.46%"
"06/07/2023","2.190","2.190","2.190","2.160","10.81M","0.00%"
"05/07/2023","2.190","2.200","2.220","2.190","8.13M","-1.79%"
"03/07/2023","2.230","2.210","2.240","2.210","2.87M","1.36%"
"30/06/2023","2.200","2.200","2.220","2.190","10.02M","3.29%"
"29/06/2023","2.130","2.130","2.140","2.120","4.04M","0.47%"
"28/06/2023","2.120","2.120","2.140","2.110","8.11M","-0.93%"
"27/06/2023","2.140","2.120","2.150","2.110","14.47M","2.39%"
"26/06/2023","2.090","2.090","2.120","2.090","17.92M","-0.48%"
"23/06/2023","2.100","2.140","2.140","2.100","5.72M","-2.78%"
"22/06/2023","2.160","2.180","2.190","2.150","7.67M","-0.92%"
"21/06/2023","2.180","2.220","2.230","2.180","11.42M","-2.24%"
"20/06/2023","2.230","2.270","2.270","2.230","9.39M","-1.76%"
"16/06/2023","2.270","2.280","2.290","2.260","8.56M","-0.87%"
"15/06/2023","2.290","2.250","2.300","2.250","9.23M","1.33%"
"14/06/2023","2.260","2.260","2.280","2.240","6.57M","0.00%"
"13/06/2023","2.260","2.240","2.270","2.240","13.50M","1.35%"
"12/06/2023","2.230","2.240","2.260","2.220","7.60M","-0.89%"
"09/06/2023","2.250","2.250","2.260","2.240","4.41M","0.00%"
"08/06/2023","2.250","2.250","2.270","2.240","5.80M","0.00%"
"07/06/2023","2.250","2.240","2.260","2.230","9.33M","0.45%"
"06/06/2023","2.240","2.210","2.240","2.200","8.24M","1.82%"
"05/06/2023","2.200","2.220","2.220","2.190","6.79M","-2.65%"
"02/06/2023","2.260","2.230","2.260","2.220","7.63M","2.26%"
"01/06/2023","2.210","2.200","2.240","2.190","10.65M","1.84%"
"31/05/2023","2.170","2.200","2.200","2.150","8.70M","-2.25%"
"30/05/2023","2.220","2.230","2.250","2.210","6.81M","-0.45%"
"26/05/2023","2.230","2.220","2.240","2.210","9.19M","-0.45%"
"25/05/2023","2.240","2.250","2.260","2.225","11.83M","-1.75%"
"24/05/2023","2.280","2.300","2.304","2.270","7.97M","-1.72%"
"23/05/2023","2.320","2.330","2.350","2.310","14.63M","0.00%"
"22/05/2023","2.320","2.310","2.320","2.290","6.78M","0.00%"
"19/05/2023","2.320","2.310","2.320","2.290","9.48M","1.31%"
"18/05/2023","2.290","2.290","2.300","2.270","5.87M","-0.87%"
"17/05/2023","2.310","2.270","2.320","2.250","9.18M","3.12%"
"16/05/2023","2.240","2.270","2.280","2.230","11.31M","-2.18%"
"15/05/2023","2.290","2.260","2.310","2.260","8.95M","1.78%"
"12/05/2023","2.250","2.270","2.270","2.230","9.62M","0.00%"
"11/05/2023","2.250","2.260","2.280","2.240","10.95M","-2.17%"
"10/05/2023","2.300","2.320","2.320","2.280","14.88M","0.00%"
"09/05/2023","2.300","2.280","2.310","2.280","9.47M","-0.43%"
"08/05/2023","2.310","2.310","2.330","2.300","5.59M","0.00%"
"05/05/2023","2.310","2.290","2.320","2.275","15.56M","2.21%"
"04/05/2023","2.260","2.250","2.285","2.220","30.38M","-0.44%"
"03/05/2023","2.270","2.260","2.310","2.250","20.34M","-3.81%"
"02/05/2023","2.360","2.390","2.395","2.330","20.22M","-0.84%"
"01/05/2023","2.380","2.420","2.440","2.370","6.73M","-1.65%"
"28/04/2023","2.420","2.370","2.425","2.360","12.96M","-0.82%"
"27/04/2023","2.440","2.400","2.440","2.390","10.06M","1.67%"
"26/04/2023","2.400","2.380","2.410","2.370","10.42M","2.56%"
"25/04/2023","2.340","2.370","2.370","2.330","14.15M","-4.10%"
"24/04/2023","2.440","2.410","2.450","2.400","8.54M","1.67%"
"21/04/2023","2.400","2.400","2.420","2.390","9.89M","-2.44%"
"20/04/2023","2.460","2.400","2.460","2.390","20.49M","1.65%"
"19/04/2023","2.420","2.400","2.430","2.400","5.96M","0.83%"
"18/04/2023","2.400","2.400","2.410","2.385","5.93M","0.84%"
"17/04/2023","2.380","2.370","2.390","2.350","7.43M","-1.24%"
"14/04/2023","2.410","2.400","2.410","2.380","9.80M","1.69%"
"13/04/2023","2.370","2.390","2.400","2.360","15.98M","-2.87%"
"12/04/2023","2.440","2.460","2.460","2.430","10.28M","0.41%"
"11/04/2023","2.430","2.430","2.440","2.410","7.31M","1.67%"
"10/04/2023","2.390","2.390","2.410","2.380","5.60M","0.00%"
"06/04/2023","2.390","2.400","2.420","2.380","12.18M","0.84%"
"05/04/2023","2.370","2.380","2.400","2.360","14.83M","0.42%"
"04/04/2023","2.360","2.390","2.400","2.340","11.84M","-0.42%"
"03/04/2023","2.370","2.370","2.390","2.360","6.63M","2.16%"
"31/03/2023","2.320","2.330","2.350","2.310","5.85M","-1.69%"
"30/03/2023","2.360","2.350","2.360","2.310","12.40M","2.16%"
"29/03/2023","2.310","2.280","2.310","2.270","11.32M","4.05%"
"28/03/2023","2.220","2.250","2.270","2.220","12.54M","-1.77%"
"27/03/2023","2.260","2.240","2.270","2.230","13.44M","1.80%"
"24/03/2023","2.220","2.190","2.230","2.170","19.25M","-0.45%"
"23/03/2023","2.230","2.310","2.315","2.210","16.67M","-2.19%"
"22/03/2023","2.280","2.350","2.350","2.270","21.18M","-1.72%"
"21/03/2023","2.320","2.310","2.348","2.310","16.66M","4.50%"
"20/03/2023","2.220","2.200","2.250","2.200","24.75M","1.83%"
"17/03/2023","2.180","2.230","2.240","2.180","26.07M","-5.22%"
"16/03/2023","2.300","2.240","2.315","2.230","22.85M","3.60%"
"15/03/2023","2.220","2.210","2.250","2.190","23.23M","-3.48%"
"14/03/2023","2.300","2.350","2.350","2.280","17.84M","2.22%"
"13/03/2023","2.250","2.285","2.300","2.240","28.83M","-4.26%"
"10/03/2023","2.350","2.370","2.390","2.310","24.46M","-2.08%"
"09/03/2023","2.400","2.460","2.460","2.390","16.58M","-1.64%"
"08/03/2023","2.440","2.435","2.460","2.430","7.63M","1.24%"
"07/03/2023","2.410","2.470","2.475","2.400","11.04M","-3.60%"
"06/03/2023","2.500","2.460","2.500","2.460","6.30M","0.40%"
"03/03/2023","2.490","2.460","2.500","2.450","7.65M","1.63%"
"02/03/2023","2.450","2.440","2.460","2.420","8.15M","-2.00%"
"01/03/2023","2.500","2.510","2.510","2.480","9.61M","-1.19%"
"28/02/2023","2.530","2.540","2.560","2.520","10.36M","1.61%"
"27/02/2023","2.490","2.490","2.510","2.480","7.10M","0.81%"
"24/02/2023","2.470","2.460","2.480","2.450","8.61M","-2.37%"
"23/02/2023","2.530","2.490","2.530","2.460","15.46M","3.69%"
"22/02/2023","2.440","2.460","2.470","2.430","9.61M","2.09%"
"21/02/2023","2.390","2.450","2.480","2.390","16.51M","-1.65%"
"17/02/2023","2.430","2.450","2.450","2.420","12.40M","-4.33%"
"16/02/2023","2.540","2.500","2.540","2.495","10.47M","0.40%"
"15/02/2023","2.530","2.490","2.530","2.480","9.43M","-1.94%"
"14/02/2023","2.580","2.570","2.620","2.570","10.88M","0.39%"
"13/02/2023","2.570","2.550","2.580","2.550","4.35M","0.39%"
"10/02/2023","2.560","2.560","2.570","2.540","8.79M","-0.39%"
"09/02/2023","2.570","2.630","2.630","2.570","7.20M","-0.77%"
"08/02/2023","2.590","2.570","2.590","2.550","8.62M","0.00%"
"07/02/2023","2.590","2.540","2.600","2.540","8.28M","2.37%"
"06/02/2023","2.530","2.530","2.540","2.500","8.37M","-0.39%"
"03/02/2023","2.540","2.530","2.570","2.530","10.07M","-2.31%"
"02/02/2023","2.600","2.610","2.615","2.572","5.00M","0.00%"
"01/02/2023","2.600","2.570","2.620","2.550","7.39M","0.39%"
"31/01/2023","2.590","2.560","2.590","2.550","6.27M","0.39%"
"30/01/2023","2.580","2.590","2.610","2.580","6.59M","-0.77%"
"27/01/2023","2.600","2.580","2.600","2.570","5.06M","0.00%"
"26/01/2023","2.600","2.570","2.600","2.560","10.17M","3.59%"
"25/01/2023","2.510","2.500","2.530","2.490","9.51M","2.45%"
"24/01/2023","2.450","2.430","2.460","2.430","5.51M","0.00%"
"23/01/2023","2.450","2.440","2.460","2.430","4.16M","0.41%"
"20/01/2023","2.440","2.410","2.440","2.410","4.50M","0.83%"
"19/01/2023","2.420","2.400","2.420","2.380","6.78M","0.41%"
"18/01/2023","2.410","2.440","2.450","2.400","4.97M","0.00%"
"17/01/2023","2.410","2.430","2.440","2.410","5.75M","0.00%"
"13/01/2023","2.410","2.400","2.440","2.400","6.30M","1.26%"
"12/01/2023","2.380","2.360","2.390","2.340","7.99M","1.71%"
"11/01/2023","2.340","2.320","2.350","2.320","3.75M","0.00%"
"10/01/2023","2.340","2.340","2.350","2.320","4.32M","0.43%"
"09/01/2023","2.330","2.330","2.350","2.320","6.27M","-0.43%"
"06/01/2023","2.340","2.280","2.340","2.260","5.02M","1.74%"
"05/01/2023","2.300","2.270","2.310","2.270","5.97M","0.44%"
"04/01/2023","2.290","2.260","2.290","2.250","8.12M","2.23%"
"03/01/2023","2.240","2.250","2.260","2.220","6.65M","1.82%"
"30/12/2022","2.200","2.210","2.240","2.190","4.01M","-0.90%"
"29/12/2022","2.220","2.200","2.220","2.200","4.47M","0.45%"
"28/12/2022","2.210","2.230","2.250","2.200","5.40M","-1.78%"
"27/12/2022","2.250","2.230","2.260","2.230","3.12M","0.00%"
"23/12/2022","2.250","2.210","2.250","2.200","4.41M","1.81%"
"22/12/2022","2.210","2.210","2.220","2.180","4.88M","-1.78%"
"21/12/2022","2.250","2.220","2.260","2.210","5.56M","2.74%"
"20/12/2022","2.190","2.180","2.210","2.180","5.08M","0.46%"
"19/12/2022","2.180","2.170","2.190","2.160","7.19M","0.00%"
"16/12/2022","2.180","2.170","2.190","2.150","8.07M","-0.46%"
"15/12/2022","2.190","2.220","2.230","2.190","7.89M","-3.10%"
"14/12/2022","2.260","2.270","2.290","2.250","7.06M","-1.31%"
"13/12/2022","2.290","2.290","2.310","2.260","11.25M","1.78%"
"12/12/2022","2.250","2.230","2.260","2.220","3.90M","0.00%"
"09/12/2022","2.250","2.240","2.270","2.235","3.82M","0.90%"
"08/12/2022","2.230","2.230","2.240","2.215","5.61M","-0.45%"
"07/12/2022","2.240","2.230","2.260","2.230","5.03M","0.00%"
"06/12/2022","2.240","2.230","2.260","2.220","7.08M","0.45%"
"05/12/2022","2.230","2.270","2.290","2.230","5.96M","-1.76%"
"02/12/2022","2.270","2.240","2.270","2.240","4.13M","0.89%"
"01/12/2022","2.250","2.260","2.270","2.230","7.85M","0.00%"
"30/11/2022","2.250","2.230","2.260","2.200","6.05M","1.81%"
"29/11/2022","2.210","2.190","2.230","2.190","7.28M","1.38%"
"28/11/2022","2.180","2.200","2.210","2.170","6.58M","-2.24%"
"25/11/2022","2.230","2.200","2.230","2.190","3.09M","3.72%"
"23/11/2022","2.150","2.150","2.180","2.130","7.79M","0.00%"
"22/11/2022","2.150","2.140","2.160","2.135","5.79M","0.94%"
"21/11/2022","2.130","2.140","2.140","2.110","6.98M","-0.47%"
"18/11/2022","2.140","2.150","2.155","2.120","5.48M","1.90%"
"17/11/2022","2.100","2.060","2.100","2.060","5.45M","3.45%"
"16/11/2022","2.030","2.030","2.050","2.020","4.61M","-0.98%"
"15/11/2022","2.050","2.070","2.070","2.020","9.77M","0.99%"
"14/11/2022","2.030","2.030","2.060","2.020","8.33M","-1.46%"
"11/11/2022","2.060","2.040","2.060","2.030","8.32M","1.98%"
"10/11/2022","2.020","1.970","2.020","1.960","9.31M","6.32%"
"09/11/2022","1.900","1.920","1.930","1.900","8.59M","-2.06%"
"08/11/2022","1.940","1.950","1.970","1.930","10.15M","1.04%"
"07/11/2022","1.920","1.930","1.940","1.910","11.05M","-1.03%"
"04/11/2022","1.940","1.910","1.950","1.890","10.97M","4.86%"
"03/11/2022","1.850","1.830","1.870","1.825","9.54M","-1.07%"
"02/11/2022","1.870","1.910","1.940","1.870","11.48M","-3.11%"
"01/11/2022","1.930","1.940","1.950","1.910","14.13M","1.05%"
"31/10/2022","1.910","1.910","1.940","1.900","8.10M","0.53%"
"28/10/2022","1.900","1.900","1.910","1.880","7.56M","-2.56%"
"27/10/2022","1.950","1.980","1.990","1.940","7.58M","0.52%"
"26/10/2022","1.940","1.950","1.970","1.930","13.12M","-1.02%"
"25/10/2022","1.960","1.910","1.970","1.910","9.13M","2.08%"
"24/10/2022","1.920","1.910","1.930","1.900","10.64M","2.13%"
"21/10/2022","1.880","1.820","1.890","1.815","14.13M","1.62%"
"20/10/2022","1.850","1.880","1.910","1.840","12.98M","1.65%"
"19/10/2022","1.820","1.830","1.840","1.790","13.16M","-5.70%"
"18/10/2022","1.930","1.940","1.950","1.900","14.29M","0.52%"
"17/10/2022","1.920","1.930","1.960","1.920","13.31M","2.13%"
"14/10/2022","1.880","1.920","1.940","1.870","13.29M","-1.05%"
"13/10/2022","1.900","1.810","1.920","1.800","23.53M","11.11%"
"12/10/2022","1.710","1.720","1.740","1.700","13.64M","-4.47%"
"11/10/2022","1.790","1.830","1.860","1.790","14.27M","-3.24%"
"10/10/2022","1.850","1.870","1.870","1.840","8.52M","-1.60%"
"07/10/2022","1.880","1.890","1.900","1.860","8.45M","-1.05%"
"06/10/2022","1.900","1.900","1.910","1.870","10.96M","-1.55%"
"05/10/2022","1.930","1.920","1.950","1.900","11.32M","-3.02%"
"04/10/2022","1.990","1.940","2.000","1.935","20.71M","5.85%"
"03/10/2022","1.880","1.860","1.890","1.830","9.98M","5.03%"
"30/09/2022","1.790","1.820","1.860","1.790","22.84M","-1.10%"
"29/09/2022","1.810","1.780","1.810","1.750","25.28M","-1.63%"
"28/09/2022","1.840","1.750","1.840","1.730","22.01M","1.10%"
"27/09/2022","1.820","1.860","1.870","1.810","19.19M","-3.70%"
"26/09/2022","1.890","1.890","1.920","1.860","18.35M","-3.57%"
"23/09/2022","1.960","2.040","2.040","1.950","19.25M","-7.11%"
"22/09/2022","2.110","2.140","2.159","2.090","12.70M","0.00%"
"21/09/2022","2.110","2.170","2.180","2.110","11.19M","-3.65%"
"20/09/2022","2.190","2.190","2.210","2.170","11.82M","0.00%"
"19/09/2022","2.190","2.130","2.190","2.120","4.84M","1.39%"
"16/09/2022","2.160","2.160","2.170","2.140","10.03M","0.00%"
"15/09/2022","2.160","2.150","2.180","2.145","6.77M","1.89%"
"14/09/2022","2.120","2.100","2.130","2.095","6.77M","0.95%"
"13/09/2022","2.100","2.120","2.150","2.090","7.13M","-3.23%"
"12/09/2022","2.170","2.150","2.190","2.150","5.71M","2.36%"
"09/09/2022","2.120","2.090","2.130","2.085","6.26M","3.41%"
"08/09/2022","2.050","2.020","2.060","2.010","7.99M","0.99%"
"07/09/2022","2.030","2.000","2.040","2.000","8.58M","0.00%"
"06/09/2022","2.030","2.070","2.079","2.020","12.79M","3.57%"
"02/09/2022","1.960","1.990","2.010","1.950","10.48M","0.51%"
"01/09/2022","1.950","1.980","1.980","1.930","11.12M","-2.50%"
"31/08/2022","2.000","2.020","2.030","2.000","8.86M","-0.50%"
"30/08/2022","2.010","2.050","2.050","2.000","8.38M","1.01%"
"29/08/2022","1.990","2.020","2.030","1.990","7.18M","-1.49%"
"26/08/2022","2.020","2.090","2.100","2.010","9.07M","-3.35%"
"25/08/2022","2.090","2.060","2.095","2.060","5.63M","1.95%"
"24/08/2022","2.050","2.040","2.080","2.030","8.36M","-0.97%"
"23/08/2022","2.070","2.080","2.100","2.070","9.19M","0.00%"
"22/08/2022","2.070","2.090","2.100","2.060","9.58M","-1.43%"
"19/08/2022","2.100","2.120","2.120","2.090","5.94M","-3.67%"
"18/08/2022","2.180","2.190","2.190","2.160","8.05M","-0.46%"
"17/08/2022","2.190","2.190","2.210","2.180","5.67M","-0.90%"
"16/08/2022","2.210","2.190","2.220","2.190","6.74M","-0.45%"
"15/08/2022","2.220","2.190","2.220","2.180","7.67M","-0.45%"
"12/08/2022","2.230","2.220","2.230","2.200","8.56M","0.45%"
"11/08/2022","2.220","2.230","2.235","2.210","6.74M","-0.45%"
"10/08/2022","2.230","2.200","2.230","2.200","8.85M","3.24%"
"09/08/2022","2.160","2.180","2.190","2.150","6.10M","0.00%"
"08/08/2022","2.160","2.180","2.190","2.160","4.99M","0.00%"
"05/08/2022","2.160","2.140","2.170","2.130","9.53M","-1.82%"
"04/08/2022","2.200","2.210","2.220","2.190","13.54M","-0.90%"
"03/08/2022","2.220","2.200","2.220","2.190","7.32M","1.83%"
"02/08/2022","2.180","2.210","2.220","2.170","10.43M","-1.80%"
"01/08/2022","2.220","2.210","2.220","2.180","11.59M","0.45%"
"29/07/2022","2.210","2.160","2.210","2.155","10.73M","1.38%"
"28/07/2022","2.180","2.150","2.180","2.130","14.04M","-1.80%"
"27/07/2022","2.220","2.170","2.220","2.160","9.03M","6.22%"
"26/07/2022","2.090","2.080","2.100","2.070","11.51M","-1.42%"
"25/07/2022","2.120","2.100","2.120","2.080","8.56M","3.41%"
"22/07/2022","2.050","2.070","2.080","2.040","11.18M","-1.91%"
"21/07/2022","2.090","2.020","2.090","2.020","13.62M","0.48%"
"20/07/2022","2.080","2.080","2.090","2.050","14.09M","-2.35%"
"19/07/2022","2.130","2.080","2.130","2.080","14.78M","4.93%"
"18/07/2022","2.030","2.020","2.050","2.015","13.95M","2.53%"
"15/07/2022","1.980","1.940","1.990","1.930","15.57M","3.66%"
"14/07/2022","1.910","1.930","1.930","1.900","10.43M","-4.02%"
"13/07/2022","1.990","1.970","1.990","1.940","11.10M","0.00%"
"12/07/2022","1.990","1.960","2.000","1.955","10.64M","0.51%"
"11/07/2022","1.980","2.000","2.010","1.970","10.53M","-2.46%"
"08/07/2022","2.030","2.010","2.030","1.980","12.51M","0.50%"
"07/07/2022","2.020","2.000","2.020","1.992","16.05M","2.02%"
"06/07/2022","1.980","1.950","1.990","1.945","20.61M","-1.00%"
"05/07/2022","2.000","1.960","2.010","1.940","14.33M","-2.44%"
"01/07/2022","2.050","2.020","2.050","1.990","9.89M","0.49%"
"30/06/2022","2.040","2.010","2.050","1.980","11.40M","-1.45%"
"29/06/2022","2.070","2.080","2.080","2.040","11.11M","-0.48%"
"28/06/2022","2.080","2.110","2.130","2.070","13.83M","-0.95%"
"27/06/2022","2.100","2.100","2.120","2.080","10.38M","-1.41%"
"24/06/2022","2.130","2.080","2.130","2.080","11.48M","3.40%"
"23/06/2022","2.060","2.070","2.080","2.020","10.43M","-2.83%"
"22/06/2022","2.120","2.110","2.160","2.090","15.70M","1.44%"
"21/06/2022","2.090","2.110","2.118","2.080","7.53M","1.95%"
"17/06/2022","2.050","2.060","2.080","2.020","12.61M","0.49%"
"16/06/2022","2.040","2.050","2.060","2.030","14.26M","-3.77%"
"15/06/2022","2.120","2.100","2.130","2.060","14.46M","4.43%"
"14/06/2022","2.030","2.070","2.080","2.000","16.35M","-0.49%"
"13/06/2022","2.040","2.060","2.070","2.020","21.19M","-3.32%"
"10/06/2022","2.110","2.130","2.140","2.090","21.94M","-2.76%"
"09/06/2022","2.170","2.235","2.240","2.170","16.41M","-3.56%"
"08/06/2022","2.250","2.280","2.290","2.230","10.83M","-1.75%"
"07/06/2022","2.290","2.260","2.290","2.250","6.15M","1.78%"
"06/06/2022","2.250","2.260","2.280","2.240","8.40M","0.90%"
"03/06/2022","2.230","2.240","2.260","2.210","4.40M","-1.33%"
"02/06/2022","2.260","2.240","2.260","2.215","6.30M","0.89%"
"01/06/2022","2.240","2.260","2.270","2.210","9.94M","-0.44%"
"31/05/2022","2.250","2.230","2.265","2.220","10.73M","-0.88%"
"27/05/2022","2.270","2.270","2.280","2.260","3.35M","0.44%"
"26/05/2022","2.260","2.230","2.280","2.220","9.92M","2.26%"
"25/05/2022","2.210","2.180","2.230","2.170","14.70M","-0.45%"
"24/05/2022","2.220","2.200","2.220","2.175","12.04M","0.00%"
"23/05/2022","2.220","2.180","2.240","2.170","15.34M","3.26%"
"20/05/2022","2.150","2.170","2.170","2.100","10.94M","-0.46%"
"19/05/2022","2.160","2.120","2.180","2.120","18.18M","1.89%"
"18/05/2022","2.120","2.140","2.170","2.120","12.05M","-2.30%"
"17/05/2022","2.170","2.160","2.180","2.150","19.30M","2.36%"
"16/05/2022","2.120","2.100","2.140","2.090","17.53M","-0.47%"
"13/05/2022","2.130","2.080","2.140","2.080","15.41M","3.40%"
"12/05/2022","2.060","2.040","2.080","2.010","18.74M","1.98%"
"11/05/2022","2.020","2.070","2.110","2.010","17.24M","-1.46%"
"10/05/2022","2.050","2.080","2.090","2.020","22.39M","0.49%"
"09/05/2022","2.040","2.070","2.080","2.040","20.54M","-3.32%"
"06/05/2022","2.110","2.120","2.130","2.080","28.37M","-0.94%"
"05/05/2022","2.130","2.190","2.190","2.110","17.04M","-8.19%"
"04/05/2022","2.320","2.280","2.336","2.250","16.38M","1.31%"
"03/05/2022","2.290","2.290","2.310","2.280","16.19M","2.23%"
"02/05/2022","2.240","2.230","2.240","2.190","10.74M","0.45%"
"29/04/2022","2.230","2.270","2.300","2.230","18.93M","-3.46%"
"28/04/2022","2.310","2.290","2.320","2.240","17.44M","0.87%"
"27/04/2022","2.290","2.260","2.310","2.233","15.88M","0.88%"
"26/04/2022","2.270","2.320","2.350","2.260","17.35M","-2.58%"
"25/04/2022","2.330","2.320","2.330","2.260","17.75M","0.43%"
"22/04/2022","2.320","2.350","2.350","2.300","11.14M","-2.11%"
"21/04/2022","2.370","2.420","2.430","2.370","8.37M","-0.84%"
"20/04/2022","2.390","2.390","2.417","2.360","7.67M","2.14%"
"19/04/2022","2.340","2.320","2.350","2.310","10.09M","0.86%"
"18/04/2022","2.320","2.330","2.340","2.300","4.71M","0.00%"
"14/04/2022","2.320","2.320","2.330","2.300","7.62M","0.87%"
"13/04/2022","2.300","2.250","2.300","2.250","8.03M","2.22%"
"12/04/2022","2.250","2.290","2.310","2.240","12.42M","-2.17%"
"11/04/2022","2.300","2.310","2.340","2.300","10.79M","0.44%"
"08/04/2022","2.290","2.290","2.300","2.270","10.10M","-0.43%"
"07/04/2022","2.300","2.310","2.320","2.270","16.46M","-0.86%"
"06/04/2022","2.320","2.340","2.350","2.300","11.25M","-2.11%"
"05/04/2022","2.370","2.380","2.390","2.350","13.33M","-2.87%"
"04/04/2022","2.440","2.430","2.460","2.414","9.64M","-0.81%"
"01/04/2022","2.460","2.460","2.475","2.430","7.52M","2.07%"
"31/03/2022","2.410","2.450","2.460","2.400","7.34M","-2.82%"
"30/03/2022","2.480","2.530","2.530","2.480","8.36M","-4.62%"
"29/03/2022","2.600","2.580","2.610","2.560","10.82M","1.96%"
"28/03/2022","2.550","2.540","2.550","2.490","9.56M","-0.39%"
"25/03/2022","2.560","2.550","2.580","2.540","11.20M","-1.16%"
"24/03/2022","2.590","2.570","2.590","2.560","5.27M","0.78%"
"23/03/2022","2.570","2.590","2.610","2.560","9.01M","-2.28%"
"22/03/2022","2.630","2.610","2.640","2.600","9.01M","3.54%"
"21/03/2022","2.540","2.530","2.550","2.510","10.63M","-1.17%"
"18/03/2022","2.570","2.510","2.570","2.480","16.35M","2.39%"
"17/03/2022","2.510","2.480","2.520","2.460","10.68M","-0.79%"
"16/03/2022","2.530","2.490","2.540","2.460","18.18M","3.27%"
"15/03/2022","2.450","2.460","2.480","2.410","15.51M","0.82%"
"14/03/2022","2.430","2.430","2.480","2.400","16.37M","5.19%"
"11/03/2022","2.310","2.360","2.380","2.300","13.23M","-0.43%"
"10/03/2022","2.320","2.330","2.360","2.290","13.97M","-2.11%"
"09/03/2022","2.370","2.350","2.380","2.330","19.34M","6.76%"
"08/03/2022","2.220","2.230","2.300","2.170","34.28M","5.21%"
"07/03/2022","2.110","2.190","2.206","2.090","24.69M","-6.22%"
"04/03/2022","2.250","2.280","2.290","2.230","24.22M","-5.86%"
"03/03/2022","2.390","2.440","2.450","2.370","15.07M","-1.65%"
"02/03/2022","2.430","2.410","2.450","2.400","14.93M","1.67%"
"01/03/2022","2.390","2.520","2.520","2.360","19.81M","-5.53%"
"28/02/2022","2.530","2.500","2.580","2.490","23.19M","-3.44%"
"25/02/2022","2.620","2.630","2.640","2.600","15.53M","5.65%"
"24/02/2022","2.480","2.450","2.480","2.410","18.15M","-11.43%"
"23/02/2022","2.800","2.800","2.830","2.780","14.25M","1.82%"
"22/02/2022","2.750","2.740","2.780","2.720","11.76M","0.36%"
"18/02/2022","2.740","2.770","2.785","2.740","9.50M","-0.72%"
"17/02/2022","2.760","2.780","2.800","2.740","10.56M","-1.78%"
"16/02/2022","2.810","2.790","2.820","2.780","11.58M","-0.35%"
"15/02/2022","2.820","2.800","2.830","2.790","10.02M","2.17%"
"14/02/2022","2.760","2.780","2.790","2.740","12.40M","-2.82%"
"11/02/2022","2.840","2.850","2.920","2.820","14.41M","-0.70%"
"10/02/2022","2.860","2.840","2.910","2.830","26.11M","0.35%"
"09/02/2022","2.850","2.830","2.860","2.820","7.22M","0.00%"
"08/02/2022","2.850","2.815","2.850","2.810","10.66M","0.71%"
"07/02/2022","2.830","2.820","2.840","2.800","8.26M","1.43%"
"04/02/2022","2.790","2.770","2.810","2.745","17.12M","-2.79%"
"03/02/2022","2.870","2.870","2.900","2.850","11.64M","-0.69%"
"02/02/2022","2.890","2.850","2.900","2.821","16.97M","1.76%"
"01/02/2022","2.840","2.760","2.840","2.760","11.31M","3.65%"
"31/01/2022","2.740","2.710","2.740","2.690","10.21M","0.74%"
"28/01/2022","2.720","2.720","2.740","2.680","13.84M","-0.37%"
"27/01/2022","2.730","2.820","2.830","2.710","16.13M","-1.44%"
"26/01/2022","2.770","2.800","2.810","2.740","9.13M","0.73%"
"25/01/2022","2.750","2.700","2.760","2.650","14.82M","3.38%"
"24/01/2022","2.660","2.670","2.680","2.570","20.05M","-2.92%"
"21/01/2022","2.740","2.770","2.780","2.720","13.05M","-2.84%"
"20/01/2022","2.820","2.830","2.870","2.810","10.73M","-2.08%"
"19/01/2022","2.880","2.940","2.940","2.870","11.14M","-2.37%"
"18/01/2022","2.950","2.960","2.970","2.920","11.75M","-1.67%"
"14/01/2022","3.000","2.950","3.000","2.940","12.38M","2.04%"
"13/01/2022","2.940","2.920","2.960","2.915","10.33M","1.38%"
"12/01/2022","2.900","2.870","2.910","2.860","10.61M","0.35%"
"11/01/2022","2.890","2.830","2.890","2.810","10.61M","1.05%"
"10/01/2022","2.860","2.840","2.860","2.810","8.19M","0.70%"
"07/01/2022","2.840","2.820","2.850","2.810","10.38M","0.71%"
"06/01/2022","2.820","2.750","2.820","2.735","10.97M","4.06%"
"05/01/2022","2.710","2.720","2.740","2.700","9.00M","1.88%"
"04/01/2022","2.660","2.650","2.670","2.641","9.39M","1.92%"
"03/01/2022","2.610","2.580","2.610","2.570","3.82M","2.35%"
"31/12/2021","2.550","2.530","2.555","2.530","3.32M","0.39%"
"30/12/2021","2.540","2.565","2.580","2.540","4.17M","0.40%"
"29/12/2021","2.530","2.540","2.550","2.530","3.26M","-0.39%"
"28/12/2021","2.540","2.530","2.560","2.530","3.28M","0.00%"
"27/12/2021","2.540","2.510","2.550","2.490","3.45M","1.20%"
"23/12/2021","2.510","2.500","2.520","2.500","4.10M","2.03%"
"22/12/2021","2.460","2.440","2.470","2.440","6.01M","1.65%"
"21/12/2021","2.420","2.400","2.420","2.400","6.78M","1.68%"
"20/12/2021","2.380","2.370","2.380","2.340","8.71M","0.00%"
"17/12/2021","2.380","2.430","2.435","2.370","10.51M","-1.24%"
"16/12/2021","2.410","2.410","2.440","2.390","11.48M","4.33%"
"15/12/2021","2.310","2.340","2.345","2.290","6.08M","-1.70%"
"14/12/2021","2.350","2.330","2.370","2.330","6.46M","2.17%"
"13/12/2021","2.300","2.340","2.340","2.290","7.79M","-4.96%"
"10/12/2021","2.420","2.420","2.430","2.400","4.76M","0.41%"
"09/12/2021","2.410","2.430","2.450","2.410","6.71M","-2.03%"
"08/12/2021","2.460","2.460","2.480","2.450","4.77M","-1.20%"
"07/12/2021","2.490","2.460","2.500","2.455","7.99M","3.32%"
"06/12/2021","2.410","2.410","2.430","2.400","8.55M","0.00%"
"03/12/2021","2.410","2.450","2.450","2.400","9.09M","-2.82%"
"02/12/2021","2.480","2.430","2.480","2.430","10.46M","2.48%"
"01/12/2021","2.420","2.500","2.510","2.410","8.63M","-0.41%"
"30/11/2021","2.430","2.450","2.470","2.410","10.77M","-0.82%"
"29/11/2021","2.450","2.480","2.480","2.430","7.55M","0.82%"
"26/11/2021","2.430","2.410","2.430","2.380","7.21M","-6.54%"
"24/11/2021","2.600","2.610","2.620","2.580","3.76M","-1.14%"
"23/11/2021","2.630","2.620","2.650","2.620","5.24M","1.15%"
"22/11/2021","2.600","2.610","2.630","2.600","4.76M","0.39%"
"19/11/2021","2.590","2.590","2.605","2.560","15.39M","-2.63%"
"18/11/2021","2.660","2.650","2.660","2.620","5.69M","0.00%"
"17/11/2021","2.660","2.680","2.695","2.650","5.24M","0.76%"
"16/11/2021","2.640","2.630","2.640","2.610","5.71M","1.15%"
"15/11/2021","2.610","2.640","2.640","2.610","3.90M","0.38%"
"12/11/2021","2.600","2.610","2.620","2.581","6.26M","-1.89%"
"11/11/2021","2.650","2.600","2.650","2.600","8.16M","2.71%"
"10/11/2021","2.580","2.630","2.635","2.580","5.67M","0.00%"
"09/11/2021","2.580","2.590","2.590","2.560","6.85M","-1.15%"
"08/11/2021","2.610","2.620","2.650","2.600","5.39M","0.38%"
"05/11/2021","2.600","2.600","2.620","2.580","9.03M","1.56%"
"04/11/2021","2.560","2.630","2.630","2.540","13.54M","-6.57%"
"03/11/2021","2.740","2.720","2.760","2.710","4.64M","-0.72%"
"02/11/2021","2.760","2.750","2.770","2.730","5.85M","0.00%"
"01/11/2021","2.760","2.760","2.780","2.750","5.58M","1.47%"
"29/10/2021","2.720","2.740","2.750","2.710","6.03M","0.00%"
"28/10/2021","2.720","2.690","2.720","2.683","5.63M","2.64%"
"27/10/2021","2.650","2.660","2.680","2.630","5.91M","-0.38%"
"26/10/2021","2.660","2.680","2.700","2.660","7.34M","-0.75%"
"25/10/2021","2.680","2.670","2.680","2.640","14.42M","-0.74%"
"22/10/2021","2.700","2.650","2.720","2.620","23.42M","3.05%"
"21/10/2021","2.620","2.650","2.660","2.620","4.85M","-1.87%"
"20/10/2021","2.670","2.650","2.690","2.640","5.01M","-1.48%"
"19/10/2021","2.710","2.685","2.710","2.680","4.85M","1.12%"
"18/10/2021","2.680","2.670","2.680","2.650","7.89M","0.00%"
"15/10/2021","2.680","2.650","2.690","2.650","6.01M","1.52%"
"14/10/2021","2.640","2.630","2.640","2.610","5.28M","1.93%"
"13/10/2021","2.590","2.590","2.600","2.550","7.03M","-0.77%"
"12/10/2021","2.610","2.580","2.610","2.570","8.09M","2.35%"
"11/10/2021","2.550","2.560","2.590","2.540","4.69M","1.19%"
"08/10/2021","2.520","2.520","2.540","2.500","4.34M","0.40%"
"07/10/2021","2.510","2.480","2.510","2.470","7.77M","0.40%"
"06/10/2021","2.500","2.460","2.500","2.450","7.66M","0.40%"
"05/10/2021","2.490","2.450","2.510","2.440","5.42M","3.75%"
"04/10/2021","2.400","2.420","2.440","2.390","7.43M","-1.64%"
"01/10/2021","2.440","2.410","2.450","2.390","8.52M","-0.41%"
"30/09/2021","2.450","2.480","2.490","2.440","6.60M","-0.41%"
"29/09/2021","2.460","2.440","2.470","2.430","6.89M","1.65%"
"28/09/2021","2.420","2.460","2.460","2.410","8.53M","-2.42%"
"27/09/2021","2.480","2.450","2.490","2.450","7.01M","1.64%"
"24/09/2021","2.440","2.440","2.470","2.440","4.46M","0.41%"
"23/09/2021","2.430","2.400","2.440","2.400","3.36M","3.85%"
"22/09/2021","2.340","2.330","2.370","2.330","5.94M","3.08%"
"21/09/2021","2.270","2.310","2.330","2.260","7.81M","-2.16%"
"20/09/2021","2.320","2.350","2.350","2.280","10.04M","-4.92%"
"17/09/2021","2.440","2.430","2.450","2.400","9.12M","0.41%"
"16/09/2021","2.430","2.420","2.450","2.410","6.88M","1.25%"
"15/09/2021","2.400","2.390","2.410","2.380","6.71M","2.13%"
"14/09/2021","2.350","2.400","2.420","2.330","7.41M","-0.84%"
"13/09/2021","2.370","2.360","2.390","2.350","5.76M","2.60%"
"10/09/2021","2.310","2.330","2.340","2.300","5.88M","0.87%"
"09/09/2021","2.290","2.290","2.330","2.290","5.15M","0.88%"
"08/09/2021","2.270","2.300","2.310","2.260","10.49M","-2.58%"
"07/09/2021","2.330","2.350","2.370","2.310","5.26M","-1.69%"
"03/09/2021","2.370","2.360","2.380","2.350","6.62M","0.00%"
"02/09/2021","2.370","2.360","2.390","2.350","3.68M","-0.42%"
"01/09/2021","2.380","2.400","2.410","2.370","3.84M","1.28%"
"31/08/2021","2.350","2.350","2.380","2.340","4.73M","0.00%"
"30/08/2021","2.350","2.380","2.395","2.340","3.40M","-1.67%"
"27/08/2021","2.390","2.360","2.405","2.360","3.31M","0.84%"
"26/08/2021","2.370","2.410","2.420","2.370","6.34M","-2.07%"
"25/08/2021","2.420","2.380","2.420","2.370","4.06M","2.54%"
"24/08/2021","2.360","2.340","2.380","2.324","7.28M","-0.84%"
"23/08/2021","2.380","2.380","2.400","2.370","3.91M","0.00%"
"20/08/2021","2.380","2.355","2.380","2.340","8.67M","1.28%"
"19/08/2021","2.350","2.370","2.390","2.340","6.90M","-2.49%"
"18/08/2021","2.410","2.390","2.430","2.390","7.53M","0.00%"
"17/08/2021","2.410","2.450","2.460","2.400","5.84M","-2.82%"
"16/08/2021","2.480","2.490","2.500","2.460","5.19M","-1.98%"
"13/08/2021","2.530","2.540","2.540","2.510","5.29M","-0.39%"
"12/08/2021","2.540","2.560","2.560","2.523","7.56M","-0.78%"
"11/08/2021","2.560","2.540","2.560","2.525","5.28M","0.39%"
"10/08/2021","2.550","2.530","2.560","2.520","5.94M","-0.78%"
"09/08/2021","2.570","2.540","2.570","2.523","4.25M","0.78%"
"06/08/2021","2.550","2.550","2.570","2.540","8.06M","0.00%"
"05/08/2021","2.550","2.540","2.560","2.520","5.99M","-1.54%"
"04/08/2021","2.590","2.580","2.596","2.570","5.87M","-0.38%"
"03/08/2021","2.600","2.560","2.610","2.520","11.08M","2.77%"
"02/08/2021","2.530","2.510","2.550","2.500","8.22M","1.61%"
"30/07/2021","2.490","2.500","2.540","2.480","5.30M","-1.58%"
"29/07/2021","2.530","2.540","2.560","2.520","6.79M","-1.94%"
"28/07/2021","2.580","2.560","2.580","2.540","7.21M","1.98%"
"27/07/2021","2.530","2.510","2.550","2.493","7.20M","-0.39%"
"26/07/2021","2.540","2.490","2.540","2.490","5.35M","2.83%"
"23/07/2021","2.470","2.480","2.500","2.460","4.18M","2.07%"
"22/07/2021","2.420","2.470","2.470","2.420","6.80M","-2.02%"
"21/07/2021","2.470","2.430","2.475","2.430","4.39M","4.22%"
"20/07/2021","2.370","2.300","2.370","2.280","9.15M","1.72%"
"19/07/2021","2.330","2.380","2.380","2.320","10.69M","-5.28%"
"16/07/2021","2.460","2.520","2.520","2.450","4.39M","-2.77%"
"15/07/2021","2.530","2.530","2.560","2.510","4.74M","-1.56%"
"14/07/2021","2.570","2.590","2.620","2.540","4.79M","0.39%"
"13/07/2021","2.560","2.580","2.590","2.540","5.83M","-0.78%"
"12/07/2021","2.580","2.530","2.590","2.519","4.54M","0.78%"
"09/07/2021","2.560","2.520","2.560","2.510","5.86M","4.07%"
"08/07/2021","2.460","2.460","2.470","2.440","9.49M","-2.77%"
"07/07/2021","2.530","2.510","2.546","2.500","5.84M","0.40%"
"06/07/2021","2.520","2.570","2.580","2.510","5.70M","-1.18%"
"02/07/2021","2.550","2.580","2.580","2.530","2.90M","-1.54%"
"01/07/2021","2.590","2.570","2.590","2.565","2.25M","1.57%"
"30/06/2021","2.550","2.530","2.560","2.530","3.20M","0.39%"
"29/06/2021","2.540","2.560","2.570","2.532","3.74M","-0.39%"
"28/06/2021","2.550","2.580","2.589","2.540","4.76M","-1.92%"
"25/06/2021","2.600","2.590","2.610","2.580","3.33M","-0.76%"
"24/06/2021","2.620","2.600","2.620","2.570","4.43M","1.16%"
"23/06/2021","2.590","2.600","2.620","2.570","4.24M","1.17%"
"22/06/2021","2.560","2.570","2.580","2.550","5.31M","-0.78%"
"21/06/2021","2.580","2.540","2.590","2.540","4.54M","1.98%"
"18/06/2021","2.530","2.550","2.570","2.510","6.76M","-3.07%"
"17/06/2021","2.610","2.670","2.670","2.590","6.55M","-1.88%"
"16/06/2021","2.660","2.670","2.680","2.630","6.03M","-0.75%"
"15/06/2021","2.680","2.660","2.690","2.655","5.09M","0.75%"
"14/06/2021","2.660","2.680","2.690","2.650","9.99M","-2.21%"
"11/06/2021","2.720","2.700","2.720","2.680","3.27M","1.12%"
"10/06/2021","2.690","2.730","2.730","2.680","3.84M","-0.37%"
"09/06/2021","2.700","2.710","2.710","2.690","3.75M","-1.82%"
"08/06/2021","2.750","2.750","2.760","2.730","2.94M","-1.79%"
"07/06/2021","2.800","2.790","2.800","2.770","3.64M","1.08%"
"04/06/2021","2.770","2.770","2.770","2.730","4.86M","0.00%"
"03/06/2021","2.770","2.780","2.780","2.750","8.57M","-2.12%"
"02/06/2021","2.830","2.810","2.830","2.790","6.42M","1.43%"
"01/06/2021","2.790","2.800","2.810","2.780","4.82M","-0.71%"
"28/05/2021","2.810","2.810","2.820","2.790","4.49M","-0.71%"
"27/05/2021","2.830","2.760","2.830","2.750","8.34M","4.43%"
"26/05/2021","2.710","2.700","2.730","2.670","4.17M","-0.73%"
"25/05/2021","2.730","2.740","2.760","2.720","5.09M","-0.36%"
"24/05/2021","2.740","2.720","2.750","2.700","4.94M","0.37%"
"21/05/2021","2.730","2.710","2.730","2.700","2.87M","0.74%"
"20/05/2021","2.710","2.700","2.720","2.670","5.69M","0.74%"
"19/05/2021","2.690","2.680","2.710","2.640","6.90M","-0.74%"
"18/05/2021","2.710","2.740","2.750","2.710","5.83M","0.00%"
"17/05/2021","2.710","2.680","2.710","2.670","4.86M","0.74%"
"14/05/2021","2.690","2.670","2.710","2.670","7.54M","1.89%"
"13/05/2021","2.640","2.580","2.640","2.570","4.84M","1.54%"
"12/05/2021","2.600","2.630","2.650","2.590","5.79M","-0.76%"
"11/05/2021","2.620","2.620","2.660","2.600","14.85M","-1.13%"
"10/05/2021","2.650","2.660","2.680","2.640","5.68M","2.32%"
"07/05/2021","2.590","2.540","2.590","2.530","4.37M","0.78%"
"06/05/2021","2.570","2.560","2.570","2.520","4.19M","0.78%"
"05/05/2021","2.550","2.510","2.550","2.510","4.17M","2.41%"
"04/05/2021","2.490","2.500","2.530","2.460","5.58M","-1.19%"
"03/05/2021","2.520","2.510","2.530","2.490","2.38M","1.20%"
"30/04/2021","2.490","2.490","2.500","2.470","3.61M","-1.58%"
"29/04/2021","2.530","2.500","2.530","2.490","6.79M","1.61%"
"28/04/2021","2.490","2.460","2.495","2.455","15.62M","3.75%"
"27/04/2021","2.400","2.370","2.415","2.370","4.77M","3.00%"
"26/04/2021","2.330","2.350","2.360","2.330","5.14M","-0.85%"
"23/04/2021","2.350","2.290","2.350","2.275","5.14M","3.07%"
"22/04/2021","2.280","2.280","2.290","2.250","4.25M","-1.30%"
"21/04/2021","2.310","2.260","2.320","2.250","4.36M","0.87%"
"20/04/2021","2.290","2.370","2.370","2.280","16.58M","-4.98%"
"19/04/2021","2.410","2.410","2.430","2.400","5.10M","0.84%"
"16/04/2021","2.390","2.380","2.390","2.360","3.68M","1.70%"
"15/04/2021","2.350","2.370","2.370","2.320","3.80M","-1.26%"
"14/04/2021","2.380","2.360","2.400","2.350","3.80M","0.00%"
"13/04/2021","2.380","2.390","2.390","2.360","2.34M","-1.24%"
"12/04/2021","2.410","2.390","2.420","2.385","3.57M","2.99%"
"09/04/2021","2.340","2.360","2.360","2.320","1.59M","-0.43%"
"08/04/2021","2.350","2.370","2.370","2.340","3.67M","-0.84%"
"07/04/2021","2.370","2.370","2.380","2.350","3.91M","1.28%"
"06/04/2021","2.340","2.370","2.380","2.320","3.63M","-1.68%"
"05/04/2021","2.380","2.370","2.380","2.350","2.43M","1.28%"
"01/04/2021","2.350","2.330","2.350","2.320","2.76M","1.29%"
"31/03/2021","2.320","2.340","2.350","2.310","3.66M","-0.43%"
"30/03/2021","2.330","2.300","2.350","2.300","4.73M","2.19%"
"29/03/2021","2.280","2.290","2.310","2.270","5.95M","-0.87%"
"26/03/2021","2.300","2.290","2.310","2.270","6.08M","0.00%"
"25/03/2021","2.300","2.240","2.300","2.230","8.30M","1.77%"
"24/03/2021","2.260","2.260","2.300","2.250","8.57M","2.26%"
"23/03/2021","2.210","2.240","2.265","2.200","4.86M","-0.90%"
"22/03/2021","2.230","2.270","2.270","2.230","4.21M","0.00%"
"19/03/2021","2.230","2.230","2.250","2.200","5.58M","-0.89%"
"18/03/2021","2.250","2.270","2.310","2.240","7.60M","-2.17%"
"17/03/2021","2.300","2.290","2.310","2.262","6.66M","0.88%"
"16/03/2021","2.280","2.290","2.290","2.260","6.54M","-0.44%"
"15/03/2021","2.290","2.280","2.290","2.230","7.26M","-0.43%"
"12/03/2021","2.300","2.240","2.300","2.237","8.96M","2.68%"
"11/03/2021","2.240","2.220","2.250","2.200","4.86M","-0.44%"
"10/03/2021","2.250","2.250","2.270","2.224","4.03M","0.45%"
"09/03/2021","2.240","2.260","2.277","2.230","5.87M","-1.75%"
"08/03/2021","2.280","2.260","2.300","2.250","9.09M","1.79%"
"05/03/2021","2.240","2.250","2.260","2.170","9.46M","1.82%"
"04/03/2021","2.200","2.230","2.240","2.160","18.40M","-0.90%"
"03/03/2021","2.220","2.170","2.240","2.170","13.53M","2.78%"
"02/03/2021","2.160","2.130","2.160","2.120","5.98M","0.47%"
"01/03/2021","2.150","2.150","2.170","2.130","3.63M","0.47%"
"26/02/2021","2.140","2.150","2.159","2.120","6.68M","-0.47%"
"25/02/2021","2.150","2.220","2.230","2.123","10.45M","-2.71%"
"24/02/2021","2.210","2.160","2.210","2.150","6.20M","0.91%"
"23/02/2021","2.190","2.180","2.200","2.130","8.19M","3.30%"
"22/02/2021","2.120","2.100","2.150","2.090","6.78M","0.47%"
"19/02/2021","2.110","2.090","2.120","2.090","5.38M","1.93%"
"18/02/2021","2.070","2.070","2.078","2.030","4.84M","-3.27%"
"17/02/2021","2.140","2.120","2.140","2.090","7.21M","-1.38%"
"16/02/2021","2.170","2.110","2.180","2.100","7.80M","7.43%"
"12/02/2021","2.020","2.010","2.030","2.000","2.26M","1.00%"
"11/02/2021","2.000","2.000","2.020","1.980","4.08M","-1.96%"
"10/02/2021","2.040","2.050","2.060","2.020","4.99M","-0.49%"
"09/02/2021","2.050","2.040","2.050","2.020","4.60M","1.49%"
"08/02/2021","2.020","2.020","2.050","2.010","5.42M","2.02%"
"05/02/2021","1.980","1.990","2.010","1.960","6.99M","2.59%"
"04/02/2021","1.930","1.940","1.960","1.920","5.54M","4.89%"
"03/02/2021","1.840","1.830","1.840","1.820","3.94M","0.55%"
"02/02/2021","1.830","1.810","1.830","1.800","2.46M","1.67%"
"01/02/2021","1.800","1.820","1.820","1.790","3.06M","1.12%"
"29/01/2021","1.780","1.760","1.810","1.740","7.13M","-2.20%"
"28/01/2021","1.820","1.760","1.830","1.760","5.71M","3.41%"
"27/01/2021","1.760","1.790","1.795","1.750","8.18M","-5.38%"
"26/01/2021","1.860","1.850","1.870","1.832","4.79M","1.09%"
"25/01/2021","1.840","1.820","1.840","1.800","7.32M","-1.08%"
"22/01/2021","1.860","1.860","1.870","1.840","4.14M","-2.11%"
"21/01/2021","1.900","1.930","1.930","1.890","3.59M","-1.04%"
"20/01/2021","1.920","1.900","1.927","1.890","4.10M","-0.52%"
"19/01/2021","1.930","1.930","1.940","1.900","5.20M","0.52%"
"15/01/2021","1.920","1.940","1.946","1.900","5.14M","-2.54%"
"14/01/2021","1.970","1.950","1.970","1.940","5.07M","1.55%"
"13/01/2021","1.940","1.950","1.960","1.930","4.17M","-1.52%"
"12/01/2021","1.970","1.980","1.980","1.960","5.10M","2.07%"
"11/01/2021","1.930","1.910","1.950","1.900","7.63M","-2.03%"
"08/01/2021","1.970","1.950","1.980","1.924","10.92M","1.03%"
"07/01/2021","1.950","1.970","1.980","1.940","8.17M","-1.52%"
"06/01/2021","1.980","1.950","2.000","1.950","8.02M","5.32%"
"05/01/2021","1.880","1.850","1.900","1.840","6.08M","1.62%"
"04/01/2021","1.850","1.890","1.900","1.830","9.24M","-5.61%"
"31/12/2020","1.960","1.940","1.970","1.925","2.90M","0.00%"
"30/12/2020","1.960","1.970","1.980","1.940","3.54M","1.55%"
"29/12/2020","1.930","1.970","1.979","1.920","7.33M","-5.39%"
"28/12/2020","2.040","2.040","2.060","2.030","5.11M","1.49%"
"24/12/2020","2.010","2.040","2.050","2.000","5.25M","1.52%"
"23/12/2020","1.980","1.910","1.997","1.890","9.86M","9.39%"
"22/12/2020","1.810","1.810","1.830","1.790","7.21M","0.56%"
"21/12/2020","1.800","1.720","1.820","1.720","14.47M","-2.70%"
"18/12/2020","1.850","1.880","1.880","1.830","7.19M","-3.65%"
"17/12/2020","1.920","1.930","1.959","1.905","4.50M","0.52%"
"16/12/2020","1.910","1.930","1.945","1.900","5.27M","-0.52%"
"15/12/2020","1.920","1.870","1.945","1.860","10.49M","3.78%"
"14/12/2020","1.850","1.870","1.895","1.840","7.38M","4.52%"
"11/12/2020","1.770","1.770","1.780","1.750","8.75M","-5.85%"
"10/12/2020","1.880","1.820","1.910","1.810","11.45M","-4.08%"
"09/12/2020","1.960","1.980","1.990","1.930","5.13M","1.03%"
"08/12/2020","1.940","1.970","1.980","1.930","4.38M","-0.51%"
"07/12/2020","1.950","1.950","1.970","1.920","9.17M","-5.80%"
"04/12/2020","2.070","2.070","2.100","2.050","8.74M","-0.48%"
"03/12/2020","2.080","2.060","2.090","2.050","7.56M","2.46%"
"02/12/2020","2.030","1.990","2.040","1.980","7.90M","1.50%"
"01/12/2020","2.000","1.950","2.020","1.940","8.20M","9.29%"
"30/11/2020","1.830","1.930","1.930","1.830","6.93M","-5.67%"
"27/11/2020","1.940","1.940","1.960","1.930","3.52M","-3.00%"
"25/11/2020","2.000","1.980","2.010","1.970","6.14M","-4.31%"
"24/11/2020","2.090","2.030","2.090","2.020","7.85M","8.29%"
"23/11/2020","1.930","1.920","1.950","1.910","5.28M","3.21%"
"20/11/2020","1.870","1.870","1.890","1.850","4.21M","0.00%"
"19/11/2020","1.870","1.830","1.870","1.830","3.60M","2.19%"
"18/11/2020","1.830","1.860","1.880","1.820","5.06M","-1.08%"
"17/11/2020","1.850","1.840","1.860","1.830","6.00M","1.09%"
"16/11/2020","1.830","1.880","1.880","1.820","6.19M","1.67%"
"13/11/2020","1.800","1.760","1.800","1.760","5.86M","6.51%"
"12/11/2020","1.690","1.670","1.730","1.650","7.30M","-1.74%"
"11/11/2020","1.720","1.710","1.740","1.710","11.07M","2.38%"
"10/11/2020","1.680","1.650","1.680","1.620","9.13M","5.66%"
"09/11/2020","1.590","1.630","1.630","1.560","13.25M","14.39%"
"06/11/2020","1.390","1.410","1.420","1.390","5.40M","-2.11%"
"05/11/2020","1.420","1.410","1.430","1.400","5.45M","0.00%"
"04/11/2020","1.420","1.450","1.460","1.420","5.49M","-4.05%"
"03/11/2020","1.480","1.440","1.490","1.440","8.30M","5.71%"
"02/11/2020","1.400","1.390","1.410","1.360","5.77M","-0.71%"
"30/10/2020","1.410","1.420","1.425","1.390","5.78M","-1.40%"
"29/10/2020","1.430","1.440","1.450","1.400","7.67M","3.62%"
"28/10/2020","1.380","1.380","1.400","1.360","6.28M","-2.82%"
"27/10/2020","1.420","1.450","1.470","1.420","4.97M","-4.05%"
"26/10/2020","1.480","1.480","1.490","1.460","6.51M","-1.99%"
"23/10/2020","1.510","1.500","1.510","1.460","10.40M","5.59%"
"22/10/2020","1.430","1.380","1.460","1.380","8.72M","3.62%"
"21/10/2020","1.380","1.360","1.400","1.360","6.42M","2.22%"
"20/10/2020","1.350","1.360","1.380","1.350","5.80M","0.00%"
"19/10/2020","1.350","1.360","1.380","1.340","5.42M","0.00%"
"16/10/2020","1.350","1.350","1.370","1.330","7.27M","0.75%"
"15/10/2020","1.340","1.300","1.340","1.300","3.95M","-1.47%"
"14/10/2020","1.360","1.360","1.380","1.350","2.65M","1.49%"
"13/10/2020","1.340","1.360","1.360","1.330","5.14M","-6.94%"
"12/10/2020","1.440","1.440","1.440","1.420","4.66M","0.70%"
"09/10/2020","1.430","1.440","1.450","1.410","5.32M","0.00%"
"08/10/2020","1.430","1.410","1.440","1.400","6.79M","2.88%"
"07/10/2020","1.390","1.400","1.410","1.370","3.94M","0.72%"
"06/10/2020","1.380","1.390","1.400","1.360","5.96M","2.22%"
"05/10/2020","1.350","1.340","1.370","1.330","6.05M","0.00%"
"02/10/2020","1.350","1.310","1.370","1.310","6.49M","3.05%"
"01/10/2020","1.310","1.310","1.320","1.290","4.44M","0.77%"
"30/09/2020","1.300","1.310","1.330","1.300","5.91M","0.78%"
"29/09/2020","1.290","1.300","1.320","1.280","7.15M","-1.53%"
"28/09/2020","1.310","1.300","1.330","1.300","9.03M","7.38%"
"25/09/2020","1.220","1.200","1.230","1.200","7.28M","0.83%"
"24/09/2020","1.210","1.210","1.230","1.190","8.80M","1.68%"
"23/09/2020","1.190","1.220","1.240","1.180","7.28M","0.00%"
"22/09/2020","1.190","1.200","1.220","1.180","8.51M","0.85%"
"21/09/2020","1.180","1.200","1.210","1.170","14.29M","-7.09%"
"18/09/2020","1.270","1.280","1.290","1.250","8.40M","-3.05%"
"17/09/2020","1.310","1.300","1.320","1.290","3.69M","-2.24%"
"16/09/2020","1.340","1.300","1.340","1.300","5.47M","3.08%"
"15/09/2020","1.300","1.310","1.320","1.280","7.26M","-0.76%"
"14/09/2020","1.310","1.310","1.320","1.290","6.37M","1.55%"
"11/09/2020","1.290","1.290","1.290","1.260","5.06M","0.78%"
"10/09/2020","1.280","1.330","1.350","1.280","7.72M","-3.03%"
"09/09/2020","1.320","1.330","1.340","1.310","7.08M","0.00%"
"08/09/2020","1.320","1.340","1.340","1.320","6.75M","-5.04%"
"04/09/2020","1.390","1.390","1.410","1.370","6.52M","2.21%"
"03/09/2020","1.360","1.390","1.410","1.360","4.85M","-2.86%"
"02/09/2020","1.400","1.380","1.410","1.380","5.26M","0.72%"
"01/09/2020","1.390","1.410","1.420","1.380","6.09M","-3.47%"
"31/08/2020","1.440","1.470","1.479","1.430","2.24M","-2.04%"
"28/08/2020","1.470","1.460","1.490","1.450","10.61M","3.52%"
"27/08/2020","1.420","1.440","1.460","1.420","3.30M","-1.39%"
"26/08/2020","1.440","1.440","1.450","1.430","7.19M","0.70%"
"25/08/2020","1.430","1.450","1.460","1.420","4.89M","-1.38%"
"24/08/2020","1.450","1.420","1.460","1.410","5.63M","2.11%"
"21/08/2020","1.420","1.420","1.430","1.410","4.50M","-2.07%"
"20/08/2020","1.450","1.420","1.460","1.410","9.73M","1.40%"
"19/08/2020","1.430","1.450","1.470","1.430","3.31M","-1.38%"
"18/08/2020","1.450","1.450","1.470","1.440","3.91M","2.11%"
"17/08/2020","1.420","1.460","1.470","1.420","6.53M","-2.74%"
"14/08/2020","1.460","1.460","1.485","1.450","3.29M","-1.35%"
"13/08/2020","1.480","1.480","1.510","1.460","3.24M","0.00%"
"12/08/2020","1.480","1.510","1.520","1.480","4.40M","0.00%"
"11/08/2020","1.480","1.480","1.510","1.470","6.61M","2.78%"
"10/08/2020","1.440","1.440","1.460","1.430","5.23M","1.41%"
"07/08/2020","1.420","1.390","1.430","1.380","4.04M","0.00%"
"06/08/2020","1.420","1.410","1.450","1.410","5.47M","0.00%"
"05/08/2020","1.420","1.430","1.450","1.420","6.59M","-0.70%"
"04/08/2020","1.430","1.390","1.430","1.390","6.22M","2.88%"
"03/08/2020","1.390","1.370","1.410","1.360","7.65M","5.30%"
"31/07/2020","1.320","1.360","1.380","1.310","6.58M","-1.49%"
"30/07/2020","1.340","1.340","1.350","1.310","14.54M","-6.94%"
"29/07/2020","1.440","1.450","1.456","1.420","5.34M","-1.37%"
"28/07/2020","1.460","1.430","1.470","1.420","8.17M","2.10%"
"27/07/2020","1.430","1.450","1.450","1.410","6.46M","-2.05%"
"24/07/2020","1.460","1.480","1.500","1.460","4.39M","-1.35%"
"23/07/2020","1.480","1.500","1.500","1.470","4.00M","-0.67%"
"22/07/2020","1.490","1.500","1.510","1.480","4.15M","-0.67%"
"21/07/2020","1.500","1.500","1.520","1.490","3.97M","1.35%"
"20/07/2020","1.480","1.490","1.500","1.480","4.84M","0.00%"
"17/07/2020","1.480","1.480","1.500","1.470","3.49M","0.00%"
"16/07/2020","1.480","1.480","1.510","1.470","5.49M","-0.67%"
"15/07/2020","1.490","1.500","1.500","1.470","5.41M","1.36%"
"14/07/2020","1.470","1.460","1.480","1.450","5.15M","-1.34%"
"13/07/2020","1.490","1.500","1.510","1.480","8.48M","-0.67%"
"10/07/2020","1.500","1.450","1.510","1.450","5.01M","3.45%"
"09/07/2020","1.450","1.490","1.500","1.450","6.47M","-5.23%"
"08/07/2020","1.530","1.490","1.530","1.485","5.38M","2.68%"
"07/07/2020","1.490","1.510","1.520","1.480","4.15M","-1.32%"
"06/07/2020","1.510","1.520","1.540","1.490","7.05M","-1.95%"
"02/07/2020","1.540","1.530","1.560","1.512","6.07M","3.36%"
"01/07/2020","1.490","1.510","1.520","1.473","4.90M","-0.67%"
"30/06/2020","1.500","1.470","1.510","1.460","5.73M","0.67%"
"29/06/2020","1.490","1.470","1.500","1.470","5.42M","1.36%"
"26/06/2020","1.470","1.520","1.530","1.460","6.84M","-5.77%"
"25/06/2020","1.560","1.510","1.560","1.500","5.27M","3.31%"
"24/06/2020","1.510","1.570","1.570","1.510","9.07M","-5.03%"
"23/06/2020","1.590","1.580","1.600","1.570","5.78M","3.92%"
"22/06/2020","1.530","1.530","1.550","1.510","6.67M","0.00%"
"19/06/2020","1.530","1.580","1.580","1.510","5.77M","-1.92%"
"18/06/2020","1.560","1.560","1.590","1.550","5.95M","-1.27%"
"17/06/2020","1.580","1.610","1.620","1.570","5.61M","-3.07%"
"16/06/2020","1.630","1.670","1.680","1.600","13.93M","3.82%"
"15/06/2020","1.570","1.510","1.580","1.500","10.00M","0.00%"
"12/06/2020","1.570","1.590","1.600","1.540","8.81M","1.95%"
"11/06/2020","1.540","1.590","1.620","1.540","11.16M","-10.47%"
"10/06/2020","1.720","1.770","1.770","1.720","22.72M","-2.27%"
"09/06/2020","1.760","1.740","1.780","1.720","21.17M","-4.86%"
"08/06/2020","1.850","1.850","1.880","1.810","11.69M","5.71%"
"05/06/2020","1.750","1.770","1.780","1.740","10.96M","5.42%"
"04/06/2020","1.660","1.640","1.680","1.615","9.65M","0.61%"
"03/06/2020","1.650","1.610","1.670","1.610","6.94M","6.45%"
"02/06/2020","1.550","1.570","1.580","1.540","10.13M","3.33%"
"01/06/2020","1.500","1.450","1.500","1.450","5.76M","6.38%"
"29/05/2020","1.410","1.450","1.468","1.410","7.86M","-5.37%"
"28/05/2020","1.490","1.510","1.520","1.480","6.60M","-1.97%"
"27/05/2020","1.520","1.530","1.530","1.490","11.68M","4.83%"
"26/05/2020","1.450","1.440","1.450","1.420","8.45M","7.41%"
"22/05/2020","1.350","1.350","1.350","1.310","8.65M","0.00%"
"21/05/2020","1.350","1.370","1.390","1.340","8.81M","-4.26%"
"20/05/2020","1.410","1.400","1.430","1.400","7.61M","2.92%"
"19/05/2020","1.370","1.420","1.420","1.370","9.40M","-3.52%"
"18/05/2020","1.420","1.360","1.430","1.350","12.84M","6.77%"
"15/05/2020","1.330","1.350","1.360","1.320","5.55M","-2.21%"
"14/05/2020","1.360","1.310","1.370","1.270","13.68M","0.00%"
"13/05/2020","1.360","1.400","1.400","1.350","8.40M","-2.86%"
"12/05/2020","1.400","1.450","1.460","1.400","8.82M","-4.11%"